Title,Artist,Year,Position,Link to Audio,Tonic 1,Tonic 2,Tonic 3,Mode 1,Mode 2,Mode 3,BPM 1,BPM 2,BPM 3
Goodnight Irene,Gordon Jenkins & The Weavers,1950,1,https://open.spotify.com/track/3GtfeLBXe15nyEMN664ygs?si=39b24fc00f4f4cf5,F,,,Major,,,94,141,
Mona Lisa,Nat King Cole,1950,2,https://open.spotify.com/track/5dae01pKNjRQtgOeAkFzPY?si=15779469d4874d3d,Db,,,Major,,,65,,
Third Man Theme,Anton Karas,1950,3,https://open.spotify.com/track/7rRGujA12UJcRUz7DxUDwQ?si=a206215c97394f61,G,,,Major,,,120,152,
Sam's Song,Gary & Bing Crosby,1950,4,https://open.spotify.com/track/1Wnlagmoyo7M7Ine1wY71p?si=31b7831d43224031,F,,,Minor,,,118,,
Simple Melody,Gary & Bing Crosby,1950,5,https://open.spotify.com/track/75lpxrV9sLZIRvzl2Z5CBb?si=b072ddb2bca34acb,Bb,,,Major,,,151,,
Too Young,Nat King Cole,1951,1,https://open.spotify.com/track/0zII0Soax7wbm3Avw7iVAd?si=fd982113338544af,Ab,,,Major,,,96,,
Because of You,Tony Bennett,1951,2,https://open.spotify.com/track/4DTO96EvOW9JT6OIUNFpZW?si=1bb52069ae4240de,F#,,,Major,,,84,,
How High the Moon,Les Paul & Mary Ford,1951,3,https://open.spotify.com/track/0onHzLoj8yQbjbHtJzwjBx?si=94f73acf642e45b2,B,,,Minor,,,119,,
Come on-a My House,Rosemary Clooney,1951,4,https://open.spotify.com/track/3GVyT9fBXuEkGs1STo2WHZ?si=be400ee0309f411d,Bb,,,Minor,,,92,,
Be My Love,Mario Lanza,1951,5,https://open.spotify.com/track/7bETs6oajlWYVo9ycX74Vp?si=4dedbb8fdc8543a1,Db,,,Major,,,87,,
Blue Tango,Leroy Anderson,1952,1,https://open.spotify.com/track/6ecG5Am0TRxn0uwZBQHA3L?si=dc69c7a9494c448f,D,,,Major,,,124,,
Wheel of Fortune,Kay Starr,1952,2,https://open.spotify.com/track/2gCQe48O4GMJz6oFBqnN9e?si=8a25159095894402,Ab,,,Major,,,141,,
Cry,Johnnie Ray & The Four Lads,1952,3,https://open.spotify.com/track/6I3CrqLrSqSlGzs2dactg1?si=8b07a850c7f44fd9,C,,,Major,,,70,,
You Belong to Me,Jo Stafford,1952,4,https://open.spotify.com/track/2NDMLabAjx4oL7ezx2PNxS?si=e3ecc4e898c54ee5,F,,,Major,,,102,,
Auf Wiedersehâ€™n Sweetheart,Vera Lynn,1952,5,https://open.spotify.com/track/3rIhZKroSQQjNcgGQsdaJF?si=eb394206b0d84439,Ab,,,Major,,,83,,
The Song from Moulin Rouge,Percy Faith,1953,1,https://open.spotify.com/track/7GtpZ01gEJDxrXfH2ayvuc?si=129bfeb7a2d44eb7,B,,,Minor,,,109,,
Vaya con Dios,Les Paul & Mary Ford,1953,2,https://open.spotify.com/track/3qhxI5f7klTVfK0iWYmKdM?si=9a0fb72b0ba6455f,E,,,Major,,,97,,
(How Much Is) That Doggie in the Window,Patti Page,1953,3,https://open.spotify.com/track/7bs4wDnaX0z7BTeM6lTcYA?si=86fdd28b03b34d1d,G,,,Major,,,126,,
I'm Walking Behind You,Eddie Fisher,1953,4,https://open.spotify.com/track/2FqOLG4ViICqhx35v8xoBx?si=2f6b67fc2dc14577,D,,,Major,,,83,,
"You, You, You",Ames Brothers,1953,5,https://open.spotify.com/track/7fvf369TehoRNdWWUfPSqQ?si=19821cc9669b461f,E,,,Major,,,98,,
Little Things Mean a Lot,Kitty Kallen,1954,1,https://open.spotify.com/track/6rJZdaRiIysWoWoNoxCjZo?si=b8408d5023334ad3,Ab,,,Major,,,84,,
Wanted,Perry Como,1954,2,https://open.spotify.com/track/77i95B3GcC2aOqK70RHM0m?si=0b98923e55074997,Db,,,Minor,,,75,,
Hey There,Rosemary Clooney,1954,3,https://open.spotify.com/track/0hNwfLcROljm0Wk9zWIQ6z?si=db1ba0af3a204281,G,,,Minor,,,88,,
Sh-Boom,The Crew-Cut,1954,4,https://open.spotify.com/track/7G2jAmiYUDZKyk7npVrgX8?si=3976dd4a758b4b45,D,,,Minor,,,130,,
Make Love to Me,Jo Stafford,1954,5,https://www.youtube.com/watch?v=JG5Brc9KrS8,A,,,Major,,,108,,
Cherry Pink and Apple Blossom White,Perez Prado,1955,1,https://open.spotify.com/track/5HisVcYPaIB4uHdrnW6HCt?si=ec6a72e747534fb9,Eb,,,Major,,,118,,
Rock Around the Clock,Bill Haley & His Comets,1955,2,https://open.spotify.com/track/7hLOIb9E7VKmsVelNq6YZK?si=ad896ef8e3c14fa1,A,,,Major,,,166,,
The Yellow Rose of Texas,Mitch Miller,1955,3,https://open.spotify.com/track/7985fUI9WlsIIrQuO9TBDh?si=292e16947965486c,Ab,,,Major,,,100,,
Autumn Leaves,Roger Williams,1955,4,https://open.spotify.com/track/3hg2zWOJ0MCgvBCD8fzMgt?si=87f37a74bf06472c,D,,,Minor,,,108,,
Unchained Melody,Les Baxter,1955,5,https://open.spotify.com/track/4dnbvB2Y3cZncApCwowEQx?si=e0bb4996368645dc,G,,,Major,,,93,,
Heartbreak Hotel,Elvis Presley,1956,1,https://open.spotify.com/track/6xNwKNYZcvgV3XTIwsgNio?si=064429528c474207,E,,,Major,,,94,,
Don't Be Cruel,Elvis Presley,1956,2,https://open.spotify.com/track/01u6AEzGbGbQyYVdxajxqk?si=c4f1fe5c7e0e4487,D,,,Major,,,85,,
Lisbon Antigua,Nelson Riddle,1956,3,https://open.spotify.com/track/07tMKurz0WxXRP7ktP2r8C?si=cc7e3a47ab7c405b,C,,,Major,,,80,,
My Prayer,The Platters,1956,4,https://open.spotify.com/track/1ntGJDSakqsaw1KhptKrB5?si=148cdbd8a3e34558,Bb,,,Major,,,109,,
The Wayward Wind,Gogi Grant,1956,5,https://open.spotify.com/track/2VqsUEpRPvgiiBdsBuQrJz?si=cf841c4169f24725,B,,,Major,,,138,,
All Shook Up,Elvis Presley,1957,1,https://open.spotify.com/track/5ueyLj6e6oVaTY0KQ6yLaA?si=adde916f9aa04a03,Bb,,,Major,,,74,,
Love Letters in the Sand,Pat Boone,1957,2,https://open.spotify.com/track/1eqGYJJr2z2GXK1i0hD3BC?si=821e3dd1c8ca4c4c,Eb,,,Major,,,89,,
Little Darlin,The Diamonds,1957,3,https://open.spotify.com/track/7ycFNferNuk6wAjBa0vWvl?si=53236816fbc34823,F#,,,Major,,,153,,
Young Lover,Tab Hunter,1957,4,https://www.youtube.com/watch?v=vm3p1dCSA5Y,C,,,Major,,,102,,
So Rare,Jimmy Dorsey,1957,5,https://open.spotify.com/track/1gA4f2lkenxCcWLPjKRV0N?si=fdc8bab22c0742b7,G,,,Major,,,87,,
Volare (Nel blu dipinto di blu),Domenico Modugno,1958,1,https://open.spotify.com/track/006Ndmw2hHxvnLbJsBFnPx?si=6ff2887953624afa,Bb,,,Major,,,112,80,128
All I Have to Do Is Dream,The Everly Brothers,1958,2a,https://open.spotify.com/track/0Q1tq0hFra4W9k6kx1MSjG?si=ba15e906760540d8,D,,,Minor,,,104,,
Claudette,The Everly Brothers,1958,2b,https://open.spotify.com/track/74IwXEGW2zEcvliuvj9Nry?si=616a4b7df6c44654,E,,,Major,,,156,,
Don't,Elvis Presley,1958,3a,https://open.spotify.com/track/4fgMsJGLDqy4HsJFRgaVNG?si=4af4d0de84684543,D,,,Major,,,67,,
I Beg of You,Elvis Presley,1958,3b,https://open.spotify.com/track/7nAQlvws6GX1osYmndhvTa?si=08eeae894c774828,C,,,Major,,,164,,
Witch Doctor,David Seville,1958,4,https://open.spotify.com/track/4kovpzSYYoguJxUXQesQ13?si=e63145fb4e104ea5,G,,,Major,,,139,,
Patricia,Perez Prado,1958,5,https://open.spotify.com/track/2bwhOdCOLgQ8v6xStAqnju?si=13aacb560b8b4df3,Db,,,Major,,,137,,
The Battle of New Orleans,Johnny Horton,1959,1,https://open.spotify.com/track/66eFGhs8LXeBgrXk0YgRJK?si=25bd09cf91784243,A,,,Major,,,89,,
Mack the Knife,Bobby Darin,1959,2,https://open.spotify.com/track/3E5ndyOfO6vFDEIE42HA8o?si=ebcb91b2db754863,Eb,,,Major,,,85,,
Personality,Lloyd Price,1959,3,https://open.spotify.com/track/5vjigjfoXuJEttqLB3HTAg?si=ca705716293a4988,F,,,Major,,,129,,
Venus,Frankie Avalon,1959,4,https://open.spotify.com/track/5kqXQHIgQ6UfFP9LfqPNgG?si=2c55356c71f940b1,Bb,,,Major,,,115,,
Lonely Boy,Paul Anka,1959,5,https://open.spotify.com/track/4kh2S9hRpPvoF9JkwZcYGN?si=aa8feb2767184943,C,,,Major,,,106,,
"The Theme from ""A Summer Place""",Percy Faith,1960,1,https://open.spotify.com/track/6zwvB879PJSpTyFcg2wwnL?si=d84c938ad8294aad,F,A,,Major,Major,,92,,
He'll Have to Go,Jim Reeves,1960,2,https://open.spotify.com/track/0HAfPU3oUhlY8VpdVAgIlt?si=6399452bd89146f9,Db,,,Major,,,81,,
Cathy's Clown,The Everly Brothers,1960,3,https://open.spotify.com/track/6wKXuvOQxG5Ui1Kv2F68E9?si=004808aeb1c44d5c,G,,,Major,,,120,,
Running Bear,Johnny Preston,1960,4,https://open.spotify.com/track/1RYznli2VNO7FCbW1Hq4KM?si=6d7be1426aa04c42,F,,,Minor,,,120,,
Teen Angel,Mark Dinning,1960,5,https://open.spotify.com/track/36NPEs4S7ik50NrlzaqoIJ?si=aa97cf9f2a0c4293,C,,,Major,,,102,,
Tossin' and Turnin',Bobby Lewis,1961,1,https://open.spotify.com/track/79s3pSe1u6ggQBEwVPm58Z?si=56235a96937d4367,C,,,Major,,,143,,
I Fall to Pieces,Patsy Cline and The Jordanaires,1961,2,https://open.spotify.com/track/2n435LnigjJJRGz7jb4aLv?si=8024c6952cc34512,Bb,,,Major,,,112,,
Michael (Row the Boat Ashore),The Highwaymen,1961,3,https://open.spotify.com/track/25TcXSVruQ3Oox1RyqRCFf?si=e65b0e5d4eb54d33,C,,,Major,,,107,,
Crying,Roy Orbison,1961,4,https://open.spotify.com/track/6eLL7QTdMWdhhG4i3jHDR9?si=61bbd538121a4ede,D,,,Major,,,97,,
Runaway,Del Shannon,1961,5,https://open.spotify.com/track/45Szkclj1lt4ubm7RFK68t?si=4b1e6f4b9d6843af,Bb,,,Minor,,,158,,
Stranger on the Shore,Acker Bilk,1962,1,https://open.spotify.com/track/6sZ8qBd2dO4QQq6B6FqVPn?si=7be012a1b7094fc9,Eb,,,Major,,,71,,
I Can't Stop Loving You,Ray Charles,1962,2,https://open.spotify.com/track/79nJj5dMyTsUzKvN5jUXsJ?si=ccf332721c814f95,F,,,Major,,,79,,
Mashed Potato Time,Dee Dee Sharp,1962,3,https://open.spotify.com/track/6jouZcdraQvsbh7SWkLEui?si=223ec2d68b264751,D,,,Major,,,125,,
Roses Are Red (My Love),Bobby Vinton,1962,4,https://open.spotify.com/track/5zw4SajQ2IKvjnSWXOSDrh?si=b38de422dc97407c,F,,,Major,,,104,,
The Stripper,David Rose,1962,5,https://open.spotify.com/track/00vH2PsEQTGRyJYhyIyDbr?si=806322b0c4cc45cd,C,,,Major,,,94,,
Surfin' USA,The Beach Boys,1963,1,https://open.spotify.com/track/0wz1LjDb9ZNEYwOmDJ3Q4b?si=e34cc7d2630d4edf,Eb,,,Major,,,159,,
The End of the World,Skeeter Davis,1963,2,https://open.spotify.com/track/5DTOOkooKFUvWj1XQTFa09?si=e250c7655755407e,Bb,,,Major,,,94,,
Rhythm of the Rain,The Cascades,1963,3,https://open.spotify.com/track/7GHf8dQ2wA71wYOuRsQCZP?si=9919ec20d030417d,E,,,Major,,,117,,
He's So Fine,The Chiffons,1963,4,https://open.spotify.com/track/2Bs1Lw9LX8hBm70t1iGdlh?si=e56fd7f314134648,G,,,Major,,,144,,
Blue Velvet,Bobby Vinton,1963,5,https://open.spotify.com/track/4QelFzhVgLomeQhvKrwM1S?si=a9b7046df3b94138,Bb,B,,Major,Major,,80,,
I Want to Hold Your Hand,The Beatles,1964,1,https://open.spotify.com/track/4pbG9SUmWIvsROVLF0zF9s?si=0346a360c7444c3e,G,,,Major,,,131,,
She Loves You,The Beatles,1964,2,https://open.spotify.com/track/6nEkxYIEnrbYH7h1hJ8Xn6?si=fc100942a1cf4244,G,,,Major,,,76,,
"Hello, Dolly!",Louis Armstrong,1964,3,https://open.spotify.com/track/63kd4m3VFxcJjPVVtbVNAu?si=b78b8791c8dd4941,C,,,Major,,,156,,
"Oh, Pretty Woman",Roy Orbison,1964,4,https://open.spotify.com/track/48i055G1OT5KxGGftwFxWy?si=8788f3ef49654b8e,A,,,Major,,,127,,
I Get Around,The Beach Boys,1964,5,https://open.spotify.com/track/3v9xlH6BpmRbqL7hgNJhfT?si=48eb5e394f514392,A,,,Minor,,,144,,
Wooly Bully,Sam the Sham and the Pharaohs,1965,1,https://open.spotify.com/track/0SRkuudTEWe2HOloI1Nssq?si=64b74b10426045bb,C,,,Major,,,141,,
I Can't Help Myself (Sugar Pie Honey Bunch),Four Tops,1965,2,https://open.spotify.com/track/6b6IMqP565TbtFFZg9iFf3?si=8914da1080674f98,C,,,Major,,,128,,
(I Can't Get No) Satisfaction,The Rolling Stones,1965,3,https://open.spotify.com/track/2PzU4IB8Dr6mxV3lHuaG34?si=bf37e926fb9e4c45,D,,,Major,,,136,,
You Were On My Mind,We Five,1965,4,https://open.spotify.com/track/36ckFm0oicmvX8bWEErIHd?si=d9138e7451f24d35,C#,,,Minor,,,143,,
You've Lost That Lovin' Feelin',The Righteous Brothers,1965,5,https://open.spotify.com/track/6AeyHqzNHJthYJbn0tvJ4b?si=6377a81e3cdd4acf,Db,,,Major,,,95,,
California Dreamin',The Mamas & The Papas,1966,1,https://open.spotify.com/track/4s6LhHAV5SEsOV0lC2tjvJ?si=1ff8e994c6154847,Db,,,Minor,,,112,,
96 Tears,? and the Mysterians,1966,2,https://open.spotify.com/track/4PEeZ2U4UfP2Jo8EtIOjus?si=60b921acbd564404,G,,,Major,,,124,,
What Becomes Of The Brokenhearted,Jimmy Ruffin,1966,3,https://open.spotify.com/track/0wBaPbJ2qsbGqgnGbqBDgP?si=ce3ed5c775514782,D,,,Minor,,,97,,
Last Train to Clarksville,The Monkees,1966,4,https://open.spotify.com/track/3h4t9qpFktohHeUQc3hZCa?si=02db982d0b2a4e39,C,,,Major,,,99,,
Reach Out I'll Be There,Four Tops,1966,5,https://open.spotify.com/track/2VwRmAIjgmwNPDh4eMK1EH?si=77dac3944da74dda,Eb,,,Minor,,,120,,
To Sir With Love,Lulu,1967,1,https://open.spotify.com/track/0gBFr7N2D1GfhkXIIepIGG?si=ff0ff572863443d5,E,,,Major,,,97,,
The Letter,The Box Tops,1967,2,https://open.spotify.com/track/1wCn7slsVCtdVYRnXahIv5?si=d39e4dfc86f14fa3,A,,,Minor,,,139,,
Ode to Billie Joe,Bobbie Gentry,1967,3,https://open.spotify.com/track/4FdDorlbJTVHcH3djLbIfn?si=b0686889c80d4082,G,,,Major,,,120,,
Windy,The Association,1967,4,https://open.spotify.com/track/6RUpOheT93fUdI508K5w6U?si=20c5a28625c9408d,F,,,Major,,,133,,
I'm a Believer,The Monkees,1967,5,https://open.spotify.com/track/3G7tRC24Uh09Hmp1KZ7LQ2?si=13036b88388d47cb,C,,,Major,,,160,,
Hey Jude,The Beatles,1968,1,https://open.spotify.com/track/0aym2LBJBk9DAYuHHutrIl?si=ab4f6241aee5491f,Bb,,,Major,,,74,,
Love is Blue,Paul Mauriat,1968,2,https://open.spotify.com/track/0tS7Mli5NtOcpeCqC25GWd?si=9351fe32958f4dbc,G,,,Major,,,104,,
Honey,Bobby Goldsboro,1968,3,https://open.spotify.com/track/2Qhvi6R73Zj3cpzRYzcAww?si=2e3463d2c16d4429,G,,,Major,,,93,,
(Sitting' On) The Dock of the Bay,Otis Redding,1968,4,https://open.spotify.com/track/3zBhihYUHBmGd2bcQIobrF?si=8e60796c8a9c426e,D,,,Major,,,104,,
People Got to Be Free,The Rascals,1968,5,https://open.spotify.com/track/49oQUbmhXqjGb850ERxtfb?si=94d09e8ecaef4065,F,,,Major,,,126,,
"Sugar, Sugar",The Archies,1969,1,https://open.spotify.com/track/6MTd61g9zq6CB1FnJydjEb?si=2513d9f713654257,D,,,Major,,,122,,
Aquarius/Let the Sunshine In (The Flesh Failures),The 5th Dimension,1969,2,https://open.spotify.com/track/0HZlND4giwzgolBpaNIRGV?si=2b5438e6517e4a3f,G,,,Major,,,118,,
I Can't Get Next to You,The Temptations,1969,3,https://open.spotify.com/track/6aL6pPBaTMGgM558mplSnj?si=5f03359344604c59,F,,,Major,,,109,,
Honky Tonk Women,The Rolling Stones,1969,4,https://open.spotify.com/track/3RZMzCvYsmJ0u2ioKTOsmJ?si=aa7816f2cf1a4999,G,,,Major,,,120,,
Everyday People,Sly and the Family Stone,1969,5,https://open.spotify.com/track/7lL2lMWNtzOcf5HnEudNgn?si=1132db0a9a0e4d32,G,,,Major,,,115,,
Bridge Over Troubled Water,Simon and Garfunkel,1970,1,https://open.spotify.com/track/6l8EbYRtQMgKOyc1gcDHF9?si=0bc16606dab64d8e,Eb,,,Major,,,80,,
(They Long To Be) Close To You,The Carpenters,1970,2,https://open.spotify.com/track/4IeStM4M9uQ1X0s4LdSLuC?si=432b5a6f8d6a4af9,G,Ab,,Major,Major,,89,,
American Woman,The Guess Who,1970,3,https://open.spotify.com/track/3LQPTJEqOfljGBxmpgUnoC?si=1120f1ec8c424a0f,D,,,Major,,,107,92,
Raindrops Keep Fallin' on My Head,B.J. Thomas,1970,4,https://open.spotify.com/track/5NSNSFqQAAnLxGiY2u8C7A?si=a8fa3f4b48ed47a0,F,,,Major,,,106,,
War,Edwin Starr,1970,5,https://open.spotify.com/track/4ZEEcEMGjkWOfZNBcIB9yE?si=3d4ee2bc297f40a0,Db,,,Major,,,109,,
Joy To The World,Three Dog Night,1971,1,https://open.spotify.com/track/2ymeOsYijJz09LfKw3yM2x?si=d5597f0763064f2e,D,,,Major,,,127,,
Maggie May,Rod Stewart,1971,2a,https://open.spotify.com/track/6rovOdp3HgK1DeAMYDzoA7?si=9521754d703c4bd4,D,,,Major,,,129,,
Reason to Believe,Rod Stewart,1971,2b,https://open.spotify.com/track/667fAkQXp8cSrPTE4mMfcy?si=c4c583032de24b77,G,,,Major,,,138,,
I Feel the Earth Move,Carole King,1971,3a,https://open.spotify.com/track/1BWsOxeMx83OrKGCV4gxly?si=3cd7a67c98a74b97,G,,,Minor,,,120,,
It's Too Late,Carole King,1971,3b,https://open.spotify.com/track/12q3V8ShACq2PSWINMc2rC?si=f0fc6754a6ab44bf,A,,,Minor,,,104,,
One Bad Apple,The Osmonds,1971,4,https://open.spotify.com/track/50UoJUrslRVqG0cg6uboyn?si=167787421db64e0a,C,,,Major,,,101,,
How Can You Mend a Broken Heart,Bee Gees,1971,5,https://open.spotify.com/track/1jy0RbDHyBMTupSdc98XbG?si=0336e149b52544bc,E,,,Major,,,69,,
The First Time Ever I Saw Your Face,Roberta Flack,1972,1,https://open.spotify.com/track/0SxFyA4FqmEQqZVuAlg8lf?si=d077dc64a78a4014,C,,,Major,,,60,,
Alone Again (Naturally),Gilbert O'Sullivan,1972,2,https://open.spotify.com/track/6vuEG9sZtC4W2zT64f7zLF?si=19fa52cdf3254ca5,Ab,,,Minor,,,86,,
American Pie,Don McLean,1972,3,https://open.spotify.com/track/2QgWuCtBpNIpl5trmKCxRf?si=eeb26171e0254cb1,E,,,Minor,,,138,,
Without You,Harry Nilsson,1972,4,https://open.spotify.com/track/6MrILERJLA3Jcq0E9poZsp?si=1e257a3963874abc,E,,,Major,,,65,,
The Candy Man,Sammy Davis Jr.,1972,5,https://open.spotify.com/track/5X3XrHlCFVGqNKpGp85xVC?si=eae65e297e4848ea,C,,,Major,,,132,,
Tie a Yellow Ribbon Round the Ole Oak Tree,Tony Orlando and Dawn,1973,1,https://open.spotify.com/track/12UzVR0M7asW2MHAZRJk0I?si=025d5d6d07c149d0,F,,,Major,,,88,,
"Bad, Bad Leroy Brown",Jim Croce,1973,2,https://open.spotify.com/track/1O0xeZrBDbq7HPREdmYUYK?si=4d33ec2a973a4e2d,G,,,Major,,,148,,
Killing Me Softly with His Song,Roberta Flack,1973,3,https://open.spotify.com/track/3gsCAGsWr6pUm1Vy7CPPob?si=08ee566c27694e4d,F,,,Minor,,,122,,
Let's Get It On,Marvin Gaye,1973,4,https://open.spotify.com/track/39l1UORIhuHvUWfxG53tRZ?si=1c5241c1d6d24234,Eb,,,Major,,,84,,
My Love,Paul McCartney and Wings,1973,5,https://open.spotify.com/track/6W5B2atlbrHdC8vy8c3df8?si=23dab59dacad4a80,F,,,Major,,,60,,
The Way We Were,Barbara Streisand,1974,1,https://open.spotify.com/track/1vZTgn4JXWMahR8r99ug5H?si=a4f470a14e9e4900,A,,,Major,,,69,,
Seasons in the Sun,Terry Jacks,1974,2,https://open.spotify.com/track/7pGMRy91RcQT9oHdPgYz3A?si=84dc0cc291e14da5,F#,,,Major,,,99,,
Love's Theme,Love Unlimited Orchestra,1974,3,https://open.spotify.com/track/5csdrJ0JtFn0qvwlvSh2EI?si=5f047fbf37494612,E,,,Minor,,,97,,
Come and Get Your Love,Redbone,1974,4,https://open.spotify.com/track/7GVUmCP00eSsqc4tzj1sDD?si=478d311ac01b4c0f,B,,,Minor,,,107,,
Dancing Machine,The Jackson 5,1974,5,https://open.spotify.com/track/0xqb2Euq1PAxKHBA36NUnx?si=566733d0744b48f3,F#,,,Major,,,109,,
Love Will Keep Us Together,Captain & Tennille,1975,1,https://open.spotify.com/track/4pCNJwixy2ImFncaPY2yE2?si=f31519af897c40be,E,,,Major,,,130,,
Rhinestone Cowboy,Glen Campbell,1975,2,https://open.spotify.com/track/0VwTeYNjcl30DyQlt3GPe0?si=d4792db55459451d,C,,,Major,,,115,,
Elton John,Philadelphia Freedom,1975,3,https://open.spotify.com/track/2hl9ONQ7YGgZGYx0OSHvIq?si=be8cfabbadb34efa,C,,,Minor,,,125,,
Before the Next Teardrop Falls,Freddy Fender,1975,4,https://open.spotify.com/track/2SVW5774QbmEjWfbHOEnz3?si=4adb238cc80c481d,Bb,,,Major,,,92,,
My Eyes Adored You,Frankie Valli,1975,5,https://open.spotify.com/track/2yDQVcj26tpi9IUJhw9xDs?si=56c08aa0525b4f7c,B,,,Minor,,,69,,
Silly Love Songs,Wing,1976,1,https://open.spotify.com/track/5Qhfo6ZqoA2oPF5uFf43L3?si=97545a1b88de488f,C,,,Major,,,125,,
Don't Go Breaking My Heart,Elton John and Kiki Dee,1976,2,https://open.spotify.com/track/7HW5WIw7ZgZORCzUxv5gW5?si=2cac276285fa4ba2,F,,,Major,,,131,,
Disco Lady,Johnnie Taylor,1976,3,https://open.spotify.com/track/1tMyqN7bNCokdg7jWgKPc8?si=7c6fd5aa79744840,D,,,Major,,,104,,
"December, 1963 (Oh, What a Night)",The Four Seasons,1976,4,https://open.spotify.com/track/1hQFF33xi8ruavZNyovtUN?si=f83ec082f3da4e09,C#,,,Major,,,104,,
Play That Funky Music,Wild Cherry,1976,5,https://open.spotify.com/track/5uuJruktM9fMdN9Va0DUMl?si=8700b8e58f964f85,A,,,Major,,,109,,
Tonight's the Night (Gonna Be Alright),Rod Stewart,1977,1,https://open.spotify.com/track/4h0Mdpmg9VXarbLIGPqJUs?si=7702e2734199496b,B,,,Major,,,91,,
I Just Want To Be Your Everything,Andy Gibb,1977,2,https://open.spotify.com/track/5EdlwzcgIAYs2HGvOnczPN?si=3e8a4bc1a26f4d69,A,,,Major,,,97,,
Best of My Love,The Emotions,1977,3,https://open.spotify.com/track/2M2WJ7gBlcKNxdhyfPp9zY?si=ec29679c35854ba3,C,,,Major,,,115,,
Evergreen (Love Theme from A Star Is Born),Barbara Streisand,1977,4,https://open.spotify.com/track/2IcqY68BxP1ONPi3ME6aje?si=7d931f91d85843ca,A,,,Major,,,57,,
Angel in Your Arms,Hot,1977,5,https://open.spotify.com/track/1X7deB82EPo7pLcMdVU6n8?si=ac247b37a89e419e,F#,,,Major,,,81,,
Shadow Dancing,Andy Gibb,1978,1,https://open.spotify.com/track/3unwRUV5qbjMmH3NJtaODy?si=0550fbe6efd24a49,G,,,Minor,,,102,,
Night Fever,Bee Gees,1978,2,https://open.spotify.com/track/5KgbyD2lQQlIupAaPjgiXg?si=61f042f0bce74e73,Db,,,Minor,,,109,,
You Light Up My Life,Debby Boone,1978,3,https://open.spotify.com/track/3dFR132gzO8jxD57R2gid3?si=22eac4fc89784cac,D,,,Major,,,78,,
Stayin Alive,Bee Gees,1978,4,https://open.spotify.com/track/3mRM4NM8iO7UBqrSigCQFH?si=477dd093497b47fa,Bb,,,Minor,,,104,,
Kiss You All Over,Exile,1978,5,https://open.spotify.com/track/3FGcQkWQlkeB82RdZwlw8V?si=c7fda2e765ca43c3,C,,,Major,,,102,,
My Sharona,The Knack,1979,1,https://open.spotify.com/track/1HOMkjp0nHMaTnfAkslCQj?si=2d48e8be25f443a1,C,,,Major,,,147,,
Bad Girls,Donna Summer,1979,2,https://open.spotify.com/track/1ibRqifchaAfeNdQGpbRVW?si=d5ed9b27ab3449a9,D,,,Minor,,,121,,
Le Freak,Chic,1979,3,https://open.spotify.com/track/7z3aH1QV2zwMKXxShBNOGe?si=d8cab12e12b14523,G,,,Major,,,120,,
Da Ya Think I'm Sexy?,Rod Stewart,1979,4,https://open.spotify.com/track/4z7maGZkAonDlXlwo8q69f?si=8cb8237a2a9341ce,D,,,Minor,,,112,,
Reunited,Peaches & Herb,1979,5,https://open.spotify.com/track/7wbPfd2mXbStoZZSnHNd2V?si=459b8013334a4d02,F,,,Minor,,,76,,
Call Me,Blondie,1980,1,https://open.spotify.com/track/7HKxTNVlkHsfMLhigmhC0I?si=965503171ecb4505,D,B,,Minor,Minor,,143,,
"Another Brick in the Wall, Part II",Pink Floyd,1980,2,https://open.spotify.com/track/4gMgiXfqyzZLMhsksGmbQV?si=55709aa09e09462d,C,,,Major,,,104,,
Magic,Olivia Newton-John,1980,3,https://open.spotify.com/track/1H5A1GNZUv4eUf1t9RFdid?si=cd0062c49b18452a,D,,,Major,,,104,,
Rock with You,Michael Jackson,1980,4,https://open.spotify.com/track/7oOOI85fVQvVnK5ynNMdW7?si=2a7dc0e472d84683,Db,,,Major,,,114,,
Do That To Me One More Time,Captain & Tennille,1980,5,https://open.spotify.com/track/0m4jVVZrsv0bLkAr1uM6UG?si=cb3fd9c6ab454a63,G,,,Major,,,90,,
Bette Davis Eyes,Kim Carnes,1981,1,https://open.spotify.com/track/3n8fLsEfRyKDL94BRAlQhF?si=ff4ab953d1354c5b,F,,,Major,,,116,,
Endless Love,Diana Ross and Lionel Richie,1981,2,https://open.spotify.com/track/0rt0dZ11FVsvprbarag5tk?si=48ebd4b77c4048cb,Bb,,,Major,,,93,,
Lady,Kenny Rogers,1981,3,https://open.spotify.com/track/5Pj5zrq2nbKcAekH1AxbrO?si=62a3fbaa7b924530,Eb,Gb,,Minor,Major,,68,,
(Just Like) Starting Over,John Lennon,1981,4,https://open.spotify.com/track/7tqQI7nmRAqX0g8bIYDXmF?si=9b5fc13e29554910,A,,,Major,,,99,,
Jessie's Girl,Rick Springfield,1981,5,https://open.spotify.com/track/5RsUlxLto4NZbhJpqJbHfN?si=5e7b854bb586417d,D,,,Major,,,132,,
Physical,Olivia Newton-John,1982,1,https://open.spotify.com/track/3FuL7jThtUAjneBm6puQNk?si=17e2f4ab5677442f,E,,,Minor,,,124,,
Eye of the Tiger,Survivor,1982,2,https://open.spotify.com/track/2KH16WveTQWT6KOG9Rg6e2?si=efe3640122084b03,C,,,Minor,,,109,,
I Love Rock 'N Roll,Joan Jett & The Blackhearts,1982,3,https://open.spotify.com/track/2Cdvbe2G4hZsnhNMKyGrie?si=8ee2b4ce780f4b45,E,,,Minor,,,94,,
Ebony and Ivory,Paul McCartney and Stevie Wonder,1982,4,https://open.spotify.com/track/3fVSMbeq8tY3G85yxcJwRU?si=f260ca21890a499b,E,,,Major,,,80,,
Centerfold,The J. Geils Band,1982,5,https://open.spotify.com/track/1ynmMEK1fkyiZ6Z6F3ThEt?si=471daf4f52c1466b,C,,,Major,,,114,,
Every Breath You Take,The Police,1983,1,https://open.spotify.com/track/1JSTJqkT5qHq8MDJnJbRE1?si=05548b90ec9246cf,Db,,,Major,,,117,,
Billie Jean,Michael Jackson,1983,2,https://open.spotify.com/track/5ChkMS8OtdzJeqyybCc9R5?si=19c6d8dc96ed42fb,B,,,Minor,,,117,,
Flashdance...What a Feeling,Irene Cara,1983,3,https://open.spotify.com/track/5nUpmh8WSlQooSmNEUWDJo?si=ecb6e9ccb14c432a,G,,,Minor,,,124,,
Down Under,Men at Work,1983,4,https://open.spotify.com/track/3ZZq9396zv8pcn5GYVhxUi?si=1574ece1d70640ad,B,,,Minor,,,107,,
Beat It,Michael Jackson,1983,5,https://open.spotify.com/track/1OOtq8tRnDM8kG2gqUPjAj?si=de1242a5b8ee4ef9,Eb,,,Minor,,,139,,
When Doves Cry,Prince,1984,1,https://open.spotify.com/track/51H2y6YrNNXcy3dfc3qSbA?si=cc5b4b2d4a7e44a0,A,,,Minor,,,126,,
What's Love Got to Do with It,Tina Turner,1984,2,https://open.spotify.com/track/4kOfxxnW1ukZdsNbCKY9br?si=e4442102f39645e2,Db,,,Major,,,98,,
Say Say Say,Paul McCartney and Michael Jackson,1984,3,https://open.spotify.com/track/4InXjGfCi4hJVWlqPuY6Im?si=e7ae6e66645d465e,Bb,,,Minor,,,118,,
Footloose,Kenny Loggins,1984,4,https://open.spotify.com/track/6W2VbtvMrDXm5vYeB7amkO?si=fcb754511d3f48bc,A,,,Major,,,174,,
Against All Odds (Take a Look at Me Now),Phil Collins,1984,5,https://open.spotify.com/track/63CHa6rmamv9OsehkRD8oz?si=a10d93cc32884524,Db,,,Major,,,58,,
Careless Whisper,George Michael,1985,1,https://open.spotify.com/track/4jDmJ51x1o9NZB5Nxxc7gY?si=6f5531d7604e472b,D,,,Minor,,,76,,
Like a Virgin,Madonna,1985,2,https://open.spotify.com/track/1ZPlNanZsJSPK5h9YZZFbZ?si=e5baaa67107440d1,Eb,,,Minor,,,120,,
Wake Me Up Before You Go-Go,Wham!,1985,3,https://open.spotify.com/track/0ikz6tENMONtK6qGkOrU3c?si=eb6ff9507b1c4b7a,C,,,Major,,,162,,
I Want to Know What Love Is,Foreigner,1985,4,https://open.spotify.com/track/1JLn8RhQzHz3qDqsChcmBl?si=9d53c19334db45ce,F#,,,Major,,,81,,
I Feel for You,Chaka Khan,1985,5,https://open.spotify.com/track/5yR9u8QiOt8hJaddv32oo7?si=99564a63dafd4cfc,B,,,Major,,,125,,
That's What Friends Are For,Dionne and Friends,1986,1,https://open.spotify.com/track/1cOj24fUMnBSXhtp7waHVW?si=03cb9ea5c6eb4ba0,Ab,,,Major,,,60,,
"Say You, Say Me",Lionel Richie,1986,2,https://open.spotify.com/track/17CPezzLWzvGfpZW6X8XT0?si=a5e184dc74224504,Ab,F#,,Major,Major,,64,98,
I Miss You,Klymaxx,1986,3,https://open.spotify.com/track/3d6UefBBvhqHxJLZdm8scF?si=2bada02756c64ec3,F,,,Major,,,70,,
On My Own,Patti LaBelle feat. Michael McDonald,1986,4,https://open.spotify.com/track/29UXndgjLVTUZ8b1Mhz9CR?si=5e028841b8a5469c,G,,,Minor,,,93,,
Broken Wings,Mr. Mister,1986,5,https://open.spotify.com/track/78FHUZRbFDCG6VkRAQdFLm?si=0da7dc68fad64612,C#,,,Minor,,,99,,
Walk Like an Egyptian,The Bangles,1987,1,https://open.spotify.com/track/1Jwc3ODLQxtbnS8M9TflSP?si=9a56f0dc61a542e1,B,,,Major,,,103,,
Alone,Heart,1987,2,https://open.spotify.com/track/54b8qPFqYqIndfdxiLApea?si=df85f1fd5b7d457d,C#,,,Major,,,88,,
Shake You Down,Gregory Abbott,1987,3,https://open.spotify.com/track/7wQ9alB79WZb0F5gFLbxSh?si=6bfac98ea22647ce,B,,,Minor,,,95,,
I Wanna Dance with Somebody (Who Loves Me),Whitney Houston,1987,4,https://open.spotify.com/track/2tUBqZG2AbRi7Q0BIrVrEj?si=248f4c6d32834095,Db,,,Major,,,119,,
Nothing's Gonna Stop Us Now,Starship,1987,5,https://open.spotify.com/track/3X7uFMzJrEE0sxn62qd8Ch?si=2e7a7d57c63b4441,F#,,,Major,,,96,,
Faith,George Michael,1988,1,https://open.spotify.com/track/59eAcAyhYSLi5GKFrgHJzG?si=5db99f5e36ac4db1,B,,,Major,,,96,,
Need You Tonight,INXS,1988,2,https://open.spotify.com/track/5eU8qMd0TpaLqTGDZJaLDs?si=a388ec51630948f9,Bb,,,Minor,,,109,,
Got My Mind Set On You,George Harrison,1988,3,https://open.spotify.com/track/3OeUlriM0EZHdWleJtjoVr?si=7a24e4545912423d,E,,,Major,,,149,,
Never Gonna Give You Up,Rick Astley,1988,4,https://open.spotify.com/track/4cOdK2wGLETKBW3PvgPWqT?si=0cecbaa1c9014b59,Ab,,,Major,,,113,,
Sweet Child O'Mine,Guns N' Roses,1988,5,https://open.spotify.com/track/7snQQk1zcKl8gZ92AnueZW?si=cc91c853e3b84d9e,F#,,,Major,,,125,,
Look Away,Chicago,1989,1,https://open.spotify.com/track/5VpJrXw5GRP0tSFXAzrRM5?si=6878d4f9b5bd4f0e,A,,,Major,,,86,,
My Prerogative,Bobby Brown,1989,2,https://open.spotify.com/track/0v9kGNjkKdQUdDoBIuiph4?si=1c8608defebc4236,A,,,Major,,,110,,
Every Rose Has Its Thorn,Poison,1989,3,https://open.spotify.com/track/5qaSekPPKHIEA1Yn0qkCaC?si=e1d66e41b9be497c,F#,,,Major,,,70,,
Straight Up,Paula Abdul,1989,4,https://open.spotify.com/track/5xl5582IihbEZAnfj0xyso?si=9d294dd885ba4e59,G,,,Major,,,96,,
Miss You Much,Janet Jackson,1989,5,https://open.spotify.com/track/4r5VaK6H1bq0cTGPMTN97Z?si=b7409c0295ee4e7c,F#,,,Minor,,,115,,
Hold On,Wilson Phillips,1990,1,https://open.spotify.com/track/4VZDv8sASBS8UruUBGTFdk?si=5b8feb53604949f4,F,,,Major,,,98,,
It Must Have Been Love,Roxette,1990,2,https://open.spotify.com/track/6kvoHl80mfCVTv7XnZkjQn?si=acda92e0ece9491c,F,,,Major,,,81,,
Nothing Compares 2 U,Sinead O'Connor,1990,3,https://open.spotify.com/track/3nvuPQTw2zuFAVuLsC9IYQ?si=d723d2f5b234485c,F,,,Major,,,60,,
Poison,Bell Biv DeVoe,1990,4,https://open.spotify.com/track/6m59VvDUi0UQsB2eZ9wVbH?si=1f13434a3246430f,F#,,,Minor,,,112,,
Vogue,Madonna,1990,5,https://open.spotify.com/track/27QvYgBk0CHOVHthWnkuWt?si=595205f99c394cd2,F#,,,Major,,,116,,
(Everything I Do) I Do It For You,Bryan Adams,1991,1,https://open.spotify.com/track/6eBK3edMW7bEzecF1eCezc?si=b9a52dde1fc14c95,C#,,,Major,,,66,,
I Wanna Sex You Up,Color Me Badd,1991,2,https://open.spotify.com/track/1kPBHRXyXdrtYfUfeRwBko?si=87a9589c3076414d,D,,,Minor,,,101,,
Gonna Make You Sweat (Everybody Dance Now),C&C Music Factory,1991,3,https://open.spotify.com/track/7eheoW4hxrH51ww2QePVwF?si=18c3ecb5ce204891,F#,,,Major,,,112,,
Rush Rush,Paula Abdul,1991,4,https://open.spotify.com/track/3zGU99fQg0gCI13uINHgDF?si=bf1dc704c0b1429f,E,,,Major,,,90,,
One More Try,Timmy T,1991,5,https://open.spotify.com/track/2drQ6wg2hdl6RDslarifh8?si=cd015c9271804f44,A,,,Major,,,75,,
End of the Road,Boyz II Men,1992,1,https://open.spotify.com/track/3l3xTXsUXeWlkPqzMs7mPD?si=ff36c3387a5a45fd,F,,,Minor,,,150,,
Baby Got Back,Sir Mix-a-Lot,1992,2,https://open.spotify.com/track/1SAkL1mYNJlaqnBQxVZrRl?si=abaa90a920c14d99,C#,,,Major,,,128,,
Jump,Kris Kross,1992,3,https://open.spotify.com/track/27AHAtAirQapVldIm4c9ZX?si=4c8adbb3e05745b4,D,,,Major,,,102,,
Save the Best for Last,Vanessa Williams,1992,4,https://open.spotify.com/track/7okbmgA8lRBGl5limZ7LFM?si=9236b56a279d4dce,Eb,,,Major,,,96,,
Baby-Baby-Baby,TLC,1992,5,https://open.spotify.com/track/1zTuB57LYZa7xu7KUH8kF0?si=6256876dec514746,B,,,Minor,,,92,,
I Will Always Love You,Whitney Houston,1993,1,https://open.spotify.com/track/4eHbdreAnSOrDDsFfc4Fpm?si=f2cdd80d70c74d5c,E,,,Major,,,68,,
Whoomp! (There It Is),Tag Team,1993,2,https://open.spotify.com/track/70jtZsS59vhmyZSsln0std?si=15a9948c205848b4,E,,,Minor,,,129,,
Can't Help Falling in Love,UB40,1993,3,https://open.spotify.com/track/7ojJ4XvqBhBcteM0zjMebT?si=afdaa85713804d77,D,,,Major,,,86,,
That's the Way Love Goes,Janet Jackson,1993,4,https://open.spotify.com/track/29rQJydAlO0uMyWvRIZxQg?si=772ec16e2ff14d50,F,,,Major,,,98,,
Freak Me,Silk,1993,5,https://open.spotify.com/track/5CdJveJgiGXoGwDFqF6afp?si=e3f17264b53145cd,E,,,Minor,,,134,,
The Sign,Ace of Base,1994,1,https://open.spotify.com/track/0hrBpAOgrt8RXigk83LLNE?si=6a5601bfc24c4a2b,E,,,Minor,,,97,,
I Swear,All-4-One,1994,2,https://open.spotify.com/track/4WUnM4KNZ0kjp0CUeoyOnS?si=1870638ce2344358,F#,,,Minor,,,83,,
I'll Make Love to You,Boyz II Men,1994,3,https://open.spotify.com/track/61sQYdFNS6sEBYCyr1q5gn?si=f281bc6465f041f7,D,,,Major,,,72,,
The Power of Love,Celine Dion,1994,4,https://open.spotify.com/track/2PFAYhBcNRj1UaluR7ZgUy?si=77d2fc38993c43ed,Ab,,,Major,,,70,,
Hero,Mariah Carey,1994,5,https://open.spotify.com/track/4FCb4CUbFCMNRkI6lYc1zI?si=93c830ed053b48ae,E,G,,Major,Major,,60,,
Gangsta's Paradise,Coolio feat. L.V.,1995,1,https://open.spotify.com/track/7lQWRAjyhTpCWFC0jmclT4?si=cc162b2ad04e41d8,Ab,,,Major,,,80,,
Waterfalls,TLC,1995,2,https://open.spotify.com/track/6qspW4YKycviDFjHBOaqUY?si=f9b701d8f5344665,C#,,,Major,,,86,,
Creep,TLC,1995,3,https://open.spotify.com/track/1aWV3uY3SIEZVbmv45oFWS?si=18a6ece0cce74c15,F,,,Minor,,,93,,
Kiss from a Rose,Seal,1995,4,https://open.spotify.com/track/3YKptz29AsOlm7WAVnztBh?si=859de7cf1ec84962,B,,,Minor,,,132,,
On Bended Knee,Boyz II Men,1995,5,https://open.spotify.com/track/7MYmo0JJJDmu4MZTSAF9y3?si=37708324b7b54b42,Eb,E,F,Major,Major,Major,58,,
Macarena (Bayside Boys Remix),Los del Rio,1996,1,https://open.spotify.com/track/2df5QsXucx4VLiHNGusXD5?si=99ca49d6971b49a0,Db,,,Major,,,103,,
One Sweet Day,Mariah Carey and Boyz II Men,1996,2,https://open.spotify.com/track/7ySbfLwdCwl1EM0zNCJZ38?si=ecacb871ed6e4072,Ab,B,,Major,Major,,64,,
Because You Loved Me,Celine Dion,1996,3,https://open.spotify.com/track/28UMiBhn383n9S7GL4tsxD?si=8317e9269c5e464f,Db,,,Major,,,60,,
Nobody Knows,The Tony Rich Project,1996,4,https://open.spotify.com/track/2PsHIonOTmX6bSrzIJSjyS?si=7a00bb4f1009495d,F,,,Major,,,88,,
Always Be My Baby,Mariah Carey,1996,5,https://open.spotify.com/track/2aBxt229cbLDOvtL7Xbb9x?si=604d1a4bf89e43ad,E,F,,Major,Major,,79,,
Something About The Way You Look Tonight,Elton John,1997,1a,https://open.spotify.com/track/4l4mSq8IKgCMz0q9KFZ7tK?si=4e3692d5cabf48dc,F#,,,Major,,,72,,
Candle in the Wind,Elton John,1997,1b,https://open.spotify.com/track/3DUcaEvPO72PijivCjtZcU?si=0151e4627b86437d,E,,,Major,,,63,,
Foolish Games,Jewel,1997,2a,https://open.spotify.com/track/1ZpbUftThsqFhRZu9ubWV2?si=9c6d48f1997b4594,F#,,,Major,,,68,,
You Were Meant for Me,Jewel,1997,2b,https://open.spotify.com/track/7y7aSSTiQfO0Ace4F7yxzE?si=cd373f3f40574f91,F#,,,Minor,,,112,,
I'll Be Missing You,Diddy feat. Faith Evans and 112,1997,3,https://open.spotify.com/track/3QHONiXGMGU3z68mQInncF?si=92f535d5f5c441f4,G,,,Major,,,110,,
Un-Break My Heart,Toni Braxton,1997,4,https://open.spotify.com/track/5Ihd9HrPvOADyVoonH9ZjB?si=ace1895dd0a34c8f,D,,,Minor,,,110,,
Can't Nobody Hold Me Down,Diddy feat. Mase,1997,5,https://open.spotify.com/track/1EM23A621Z0QyTlWKu7T1l?si=9a1c9503ab2f4613,Eb,,,Minor,,,94,,
Too Close,Next,1998,1,https://open.spotify.com/track/5IFCyWplye09HytIP80RCF?si=a6b4a51254f342f6,G,,,Major,,,100,,
The Boy Is Mine,Brandy and Monica,1998,2,https://open.spotify.com/track/6sHsXIJoEN5JpdkGMQDJxt?si=ecfd4ab03ed74b78,C#,,,Major,,,93,,
You're Still the One,Shania Twain,1998,3,https://open.spotify.com/track/1wb4P4F0sxAQ2KXrRvsx6n?si=bd5486b2da6d4a5f,Ab,,,Major,,,67,,
Truly Madly Deeply,Savage Garden,1998,4,https://open.spotify.com/track/013AWvizllIUEC2FOBzOnh?si=339e5ccb11d74401,C,,,Major,,,84,,
How Do I Live,LeAnn Rimes,1998,5,https://open.spotify.com/track/7BD50ATrF3Vab5FQy7vtK8?si=eece2656328c478b,D,,,Major,,,64,,
Believe,Cher,1999,1,https://open.spotify.com/track/2goLsvvODILDzeeiT4dAoR?si=4ec39ed7e6594dfc,F#,,,Major,,,133,,
No Scrubs,TLC,1999,2,https://open.spotify.com/track/0x71Ua6hHfdKWgk4XPmNn6?si=41b26718b4694668,Ab,,,Minor,,,93,,
Angel of Mine,Monica,1999,3,https://open.spotify.com/track/1AM1o0mKbgAK5oMpY8B3Z7?si=204c2b4049594bce,Bb,,,Minor,,,90,,
Heartbreak Hotel,Whitney Houston feat. Faith Evans and Kelly Price,1999,4,https://open.spotify.com/track/4J9u7UsXH7F6sFI32KnYuP?si=c63767d1af8d4758,Eb,,,Minor,,,66,,
...Baby One More Time,Britney Spears,1999,5,https://open.spotify.com/track/3MjUtNVVq3C8Fn0MP3zhXa?si=386f37709ad44e52,C,,,Minor,,,93,,
Breathe,Faith Hill,2000,1,https://open.spotify.com/track/3y4LxiYMgDl4RethdzpmNe?si=65b67262b7974dd4,G,,,Major,,,137,,
Smooth,Santana feat. Rob Thomas,2000,2,https://open.spotify.com/track/0n2SEXB2qoRQg171q7XqeW?si=5f595ea11f2840ec,A,,,Major,,,116,,
Maria Maria,Santana feat. The Product G&B,2000,3,https://open.spotify.com/track/3XKIUb7HzIF1Vu9usunMzc?si=5f0e05e4335b4ea3,A,,,Major,,,98,,
I Wanna Know,Joe,2000,4,https://open.spotify.com/track/1m2xMsxbtxv21Brome189p?si=ee5c7dff2a1d471f,Gb,,,Minor,,,68,,
Everything You Want,Vertical Horizon,2000,5,https://open.spotify.com/track/4cKGldbhGJniI8BrB3K6tb?si=d80f1b7441414cbb,Gb,,,Minor,,,94,,
Hanging By A Moment,Lifehouse,2001,1,https://open.spotify.com/track/0wqOReZDnrefefEsrIGeR4?si=6e9d5f35b5cb4585,Db,,,Major,,,125,,
Fallin',Alicia Keys,2001,2,https://open.spotify.com/track/0KQx6HOpJueiSkztcS0r7D?si=00f23e2987b24939,B,,,Minor,,,64,,
All For You,Janet Jackson,2001,3,https://open.spotify.com/track/28IZUzBnFsBxyrgdsdlQPg?si=3b6596a2692f43ac,D,,,Major,,,114,,
Drops of Jupiter (Tell Me),Train,2001,4,https://open.spotify.com/track/2hKdd3qO7cWr2Jo0Bcs0MA?si=af9122c8c41848d6,C,,,Major,,,79,,
I'm Real (Murder Remix),Jennifer Lopez feat. Ja Rule,2001,5,https://open.spotify.com/track/1P5vjPu3EPoPwDSikHOiiq?si=0ce8ad41167b4518,B,,,Minor,,,84,,
How You Remind Me,Nickelback,2002,1,https://open.spotify.com/track/0gmbgwZ8iqyMPmXefof8Yf?si=c919ff8851e449dc,Bb,,,Major,,,86,,
Foolish,Ashanti,2002,2,https://open.spotify.com/track/6zMUIb4uce1CzpbjR3vMdN?si=d008d86731944021,C,,,Major,,,90,,
Hot in Herre,Nelly,2002,3,https://open.spotify.com/track/04KTF78FFg8sOHC1BADqbY?si=043a61df255e4d08,B,,,Minor,,,107,,
Dilemma,Nelly feat. Kelly Rowland,2002,4,https://open.spotify.com/track/0ARK753YaiJbpLUk7z5yIM?si=4a545ac230c34fc1,D,,,Minor,,,84,,
Wherever You Will Go,The Calling,2002,5,https://open.spotify.com/track/5QpaGzWp0hwB5faV8dkbAz?si=e2fa572e84c04f3b,D,,,Major,,,112,,
In da Club,50 Cent,2003,1,https://open.spotify.com/track/4RY96Asd9IefaL3X4LOLZ8?si=a511e79050eb489b,F#,,,Minor,,,90,,
Ignition,R. Kelly,2003,2,https://open.spotify.com/track/29pIgBybQFDDuZEu2wMaEA?si=d364a5c6f73142ea,Bb,,,Minor,,,66,,
Get Busy,Sean Paul,2003,3,https://open.spotify.com/track/7C86DVl6REN8VPeGEMOf9q?si=e870133dd0174db8,Bb,,,Minor,,,100,,
Crazy in Love,Beyonce featuring Jay-Z,2003,4,https://open.spotify.com/track/5IVuqXILoxVWvWEPm82Jxr?si=2c611b1138634417,D,,,Minor,,,99,,
When I'm Gone,3 Doors Down,2003,5,https://open.spotify.com/track/3WbphvawbMZ8FyqDxYGdSQ?si=b5454db549244bce,G,,,Major,,,74,,
Yeah!,Usher feat. Lil John & Ludacris,2004,1,https://open.spotify.com/track/5rb9QrpfcKFHM1EUbSIurX?si=7fd6cfb317524fc3,D,,,Major,,,105,,
Burn,Usher,2004,2,https://open.spotify.com/track/7z3N2W7Xz1t2G2sAO8wFVH?si=080ed96c489d4ad2,Db,,,Major,,,120,,
If I Ain't Got You,Alicia Keys,2004,3,https://open.spotify.com/track/3XVBdLihbNbxUwZosxcGuJ?si=09dc47dfa2914c05,G,,,Major,,,118,,
This Love,Maroon 5,2004,4,https://open.spotify.com/track/6ECp64rv50XVz93WvxXMGF?si=90f90f9cc6c84db7,C,,,Minor,,,95,,
The Way You Move,OutKast feat. Sleepy Brown,2004,5,https://open.spotify.com/track/5z7mYFfhw6N6f23VwrokJD?si=afb4a406aca443f0,F,,,Minor,,,126,,
We Belong Together,Mariah Carey,2005,1,https://open.spotify.com/track/3LmvfNUQtglbTrydsdIqFU?si=6e131badebae4a4c,C,,,Major,,,70,,
Hollaback Girl,Gwen Stefani,2005,2,https://open.spotify.com/track/0LzrhCZFXW94Y8nwtTuRlw?si=eed4ef2547684657,Bb,,,Minor,,,110,,
Let Me Love You,Mario,2005,3,https://open.spotify.com/track/3ibKnFDaa3GhpPGlOUj7ff?si=fe342fa5532a44e8,G,,,Minor,,,95,,
Since U Been Gone,Kelly Clarkson,2005,4,https://open.spotify.com/track/3xrn9i8zhNZsTtcoWgQEAd?si=cd5c7300128f401d,C,,,Major,,,131,,
"1, 2 Step",Ciara feat. Missy Elliot,2005,5,https://open.spotify.com/track/7uKcScNXuO3MWw6LowBjW1?si=26d2e3dbdae84e81,F,,,Minor,,,113,,
Bad Day,Daniel Powter,2006,1,https://open.spotify.com/track/0mUyMawtxj1CJ76kn9gIZK?si=9f34712d25d54610,Eb,,,Major,,,70,,
Temperature,Sean Paul,2006,2,https://open.spotify.com/track/0k2GOhqsrxDTAbFFSdNJjT?si=6a9a5f89c1c041f5,C,,,Minor,,,125,,
Promiscuous,Nelly Furtado feat. Timbaland,2006,3,https://open.spotify.com/track/2gam98EZKrF9XuOkU13ApN?si=ac068124d8af40b4,Bb,,,Minor,,,114,,
You're Beautiful,James Blunt,2006,4,https://open.spotify.com/track/0vg4WnUWvze6pBOJDTq99k?si=41be1c738e844928,C,,,Minor,,,82,,
Hips Don't Lie,Shakira feat. Wyclef Jean,2006,5,https://open.spotify.com/track/3ZFTkvIE7kyPt6Nu3PEa7V?si=3792f51c2b544fcc,Bb,,,Minor,,,100,,
Irreplaceable,Beyonce,2007,1,https://open.spotify.com/track/1G7DcLzPnopdZjLkev0K4e?si=1c0efabd2b6540fb,G,,,Minor,,,88,,
Umbrella,Rihanna feat. Jay-Z,2007,2,https://open.spotify.com/track/49FYlytm3dAAraYgpoJZux?si=441a534e1e784474,Db,,,Major,,,87,,
The Sweet Escape,Gwen Stefani feat. Akon,2007,3,https://open.spotify.com/track/66ZcOcouenzZEnzTJvoFmH?si=ffeefe38d1b54123,C#,,,Major,,,120,,
Big Girls Don't Cry (Personal),Fergie,2007,4,https://open.spotify.com/track/3Q4WeJmzxuDpzMu9QjQqbM?si=d2c7669a748841d8,G,,,Major,,,113,,
Buy U a Drank (Shawty Snappin'),T-Pain feat. Yung Joc,2007,5,https://open.spotify.com/track/1tkMs9wDPknQ3ZHcKDw1ES?si=20e21874fbc54e75,C#,,,Major,,,80,,
Low,Flo Rida feat. T-Pain,2008,1,https://open.spotify.com/track/0CAfXk7DXMnon4gLudAp7J?si=fa499e168d0f48c2,Ab,,,Minor,,,128,,
Bleeding Love,Leona Lewis,2008,2,https://open.spotify.com/track/6LtPIXlIzPOTF8vTecYjRe?si=f49938e5c43a4b25,F,,,Major,,,104,,
No One,Alicia Keys,2008,3,https://open.spotify.com/track/6IwKcFdiRQZOWeYNhUiWIv?si=3b76387c928640c8,C#,,,Minor,,,90,,
Lollipop,Lil Wayne feat. Static Major,2008,4,https://open.spotify.com/track/4P7VFiaZb3xrXoqGwZXC3J?si=3d26620ef3e54823,C,,,Major,,,148,,
Apologize,Timbaland feat. OneRepublic,2008,5,https://open.spotify.com/track/6ucR4KfvsBFWCMVFDvyKKl?si=14b7f59fb60f4352,Ab,,,Major,,,118,,
Boom Boom Pow,The Black Eyed Peas,2009,1,https://open.spotify.com/track/7xRNsqOQOgWbHV1nbXnfXN?si=17abec9bc3d3464f,A,,,Major,,,130,,
Poker Face,Lady Gaga,2009,2,https://open.spotify.com/track/5R8dQOPq8haW94K7mgERlO?si=896b7d686c8b438d,G#,,,Major,,,119,,
Just Dance,Lady Gaga feat. Colby O'Donis,2009,3,https://open.spotify.com/track/2x7MyWybabEz6Y6wvHuwGE?si=727fb6bc1e6b4020,C#,,,Minor,,,119,,
I Gotta Feeling,The Black Eyed Peas,2009,4,https://open.spotify.com/track/4vp2J1l5RD4gMZwGFLfRAu?si=4feea2317db7408f,C,,,Major,,,128,,
Love Story,Taylor Swift,2009,5,https://open.spotify.com/track/1vrd6UOGamcKNGnSHJQlSt?si=8d9544b7bac24f97,D,,,Major,,,119,,
Tik Tok,Kesha,2010,1,https://open.spotify.com/track/0HPD5WQqrq7wPWR7P7Dw1i?si=b4d3205bbe114f30,D,,,Minor,,,120,,
Need You Now,Lady Antebellum,2010,2,https://open.spotify.com/track/7h70RTLbnhDyPGXjl3iEhh?si=c4bfc52372fb40db,E,,,Major,,,108,,
"Hey, Soul Sister",Train,2010,3,https://open.spotify.com/track/4HlFJV71xXKIGcU3kRyttv?si=8e31bda3fc9b4b05,C#,,,Minor,,,97,,
California Gurls,Katy Perry feat. Snoop Dogg,2010,4,https://open.spotify.com/track/6KOEK6SeCEZOQkLj5M1PxH?si=68200025763a49fb,F,,,Major,,,125,,
OMG,Usher feat. will.i.am,2010,5,https://open.spotify.com/track/1bM50INir8voAkVoKuvEUI?si=d3020bea7e3243ad,E,,,Minor,,,130,,
Rolling in the Deep,Adele,2011,1,https://open.spotify.com/track/1c8gk2PeTE04A1pIDH9YMk?si=c0bd58220bfc4fb3,Ab,,,Major,,,105,,
Party Rock Anthem,LMFAO feat. Lauren Bennett and GoonRock,2011,2,https://open.spotify.com/track/0IkKz2J93C94Ei4BvDop7P?si=7119d8aa6f914843,F,,,Minor,,,130,,
Firework,Katy Perry,2011,3,https://open.spotify.com/track/4r6eNCsrZnQWJzzvFh4nlg?si=2ef2c3aecf964ae7,Ab,,,Major,,,124,,
E.T.,Katy Perry feat. Kanye West,2011,4,https://open.spotify.com/track/36ux3YuUsGTWPT8fXclS45?si=e46b72a9e7d1468b,F,,,Major,,,75,,
Give Me Everything,"Pitbull feat. Ne-Yo, Afrojack and Nayer",2011,5,https://open.spotify.com/track/4QNpBfC0zvjKqPJcyqBy9W?si=1536a67721704aa6,Ab,,,Major,,,129,,
Somebody That I Used to Know,Gotye feat. Kimbra,2012,1,https://open.spotify.com/track/4wCmqSrbyCgxEXROQE6vtV?si=3f2306f788d946c5,C,,,Major,,,129,,
Call Me Maybe,Carly Rae Jepsen,2012,2,https://open.spotify.com/track/6ol4ZSifr7r3Lb2a9L5ZAB?si=15941c8194b249d0,G,,,Major,,,120,,
We Are Young,Fun feat. Janelle Monae,2012,3,https://open.spotify.com/track/7a86XRg84qjasly9f6bPSD?si=3c1752cf7ec84d21,F,,,Major,,,116,92,
Payphone,Maroon 5 feat. Wiz Khalifa,2012,4,https://open.spotify.com/track/1LmN9SSHISbtp9LoaR5ZVJ?si=3157df0a4e9f4058,E,,,Major,,,110,,
Lights,Ellie Goulding,2012,5,https://open.spotify.com/track/11ozIUBoXAgRTVWelDn4pL?si=a6a0284cfdea4781,Ab,,,Minor,,,120,,
Thrift Shop,Macklemore and Ryan Lewis feat. Wanz,2013,1,https://open.spotify.com/track/7bYZBVrnRfqeaPbhRyEvK3?si=7ca4bba34a4c44ec,F#,,,Minor,,,95,,
Blurred Lines,Robin Thicke feat. TI and Pharrell Williams,2013,2,https://open.spotify.com/track/0n4bITAu0Y0nigrz3MFJMb?si=d15d381395954b09,G,,,Major,,,120,,
Radioactive,Imagine Dragons,2013,3,https://open.spotify.com/track/4G8gkOterJn0Ywt6uhqbhp?si=705882e7f4ec4947,A,,,Major,,,68,,
Harlem Shake,Baauer,2013,4,https://open.spotify.com/track/01XFgRZfZI7oBagNf1Loml?si=b76182454e584fe3,C,,,Major,,,138,,
Can't Hold Us,Macklemore and Ryan Lewis feat. Ray Dalton,2013,5,https://open.spotify.com/track/3bidbhpOYeV4knp8AIu8Xn?si=b283f03cc8e34182,D,,,Major,,,146,,
Happy,Pharrell Williams,2014,1,https://open.spotify.com/track/60nZcImufyMA1MKQY3dcCH?si=4504591522ee4e2e,F,,,Minor,,,160,,
Dark Horse,Katy Perry and Juicy J,2014,2,https://open.spotify.com/track/5jrdCoLpJSvHHorevXBATy?si=53fed5af5c9444fa,F#,,,Major,,,132,,
All of Me,John Legend,2014,3,https://open.spotify.com/track/3U4isOIWM3VvDubwSI3y7a?si=287121ab532c4097,Ab,,,Major,,,126,,
Fancy,Iggy Azalea feat. Charli XCX,2014,4,https://open.spotify.com/track/3oiMJQAWVaxSubJ7b2VUtX?si=9f03105df6724521,Bb,,,Minor,,,95,,
Counting Stars,OneRepublic,2014,5,https://open.spotify.com/track/6sy3LkhNFjJWlaeSMNwQ62?si=20b7f8c495f84fc8,C#,,,Minor,,,122,,
Uptown Funk,Mark Ronson feat. Bruno Mars,2015,1,https://open.spotify.com/track/32OlwWuMpZ6b0aN2RZOeMS?si=e6cfc268934c4c16,C,,,Major,,,115,,
Thinking Out Loud,Ed Sheeran,2015,2,https://open.spotify.com/track/1Slwb6dOYkBlWal1PGtnNg?si=76c4863e22f444ea,D,,,Major,,,79,,
See You Again,Wiz Khalifa feat. Charlie Puth,2015,3,https://open.spotify.com/track/2JzZzZUQj3Qff7wapcbKjc?si=9e7861adcbe5411f,Bb,,,Major,,,80,,
Trap Queen,Fetty Wap,2015,4,https://open.spotify.com/track/2d8JP84HNLKhmd6IYOoupQ?si=29073dcf65d3496b,G,,,Major,,,148,,
Sugar,Maroon 5,2015,5,https://open.spotify.com/track/2iuZJX9X9P0GKaE93xcPjk?si=b0c2cbfaaa7d4e84,Db,,,Major,,,120,,
Love Yourself,Justin Bieber,2016,1,https://open.spotify.com/track/50kpGaPAhYJ3sGmk6vplg0?si=80aaffc7a8f54f8d,E,,,Major,,,100,,
Sorry,Justin Bieber,2016,2,https://open.spotify.com/track/09CtPGIpYB4BrO8qb1RGsF?si=e71d795f974f479e,C,,,Minor,,,100,,
One Dance,Drake feat. Wizkid and Kyla,2016,3,https://open.spotify.com/track/1zi7xx7UVEFkmKfv06H8x0?si=455b863dc327473a,Bb,,,Major,,,104,,
Work,Rihanna feat. Drake,2016,4,https://open.spotify.com/track/72TFWvU3wUYdUuxejTTIzt?si=e11c3a6c6c8b4a10,B,,,Major,,,92,,
Stressed Out,Twenty One Pilots,2016,5,https://open.spotify.com/track/3CRDbSIZ4r5MsZ0YwxuEkn?si=157c0d6a87e84bc9,E,,,Minor,,,85,,
Shape of You,Ed Sheeran,2017,1,https://open.spotify.com/track/7qiZfU4dY1lWllzX7mPBI3?si=ff249d36b7ca47bb,F#,,,Minor,,,96,,
Despacito (Remix),Luis Fonsi and Daddy Yankee feat. Justin Bieber,2017,2,https://open.spotify.com/track/6rPO02ozF3bM7NnOV4h6s2?si=a4f9bac39d554e8e,D,,,Major,,,89,,
That's What I Like,Bruno Mars,2017,3,https://open.spotify.com/track/0KKkJNfGyhkQ5aFogxQAPU?si=95d35983943e4a2d,Db,,,Major,,,134,,
Humble,Kendrick Lamar,2017,4,https://open.spotify.com/track/7KXjTSCq5nL1LoYtL7XAwS?si=4a9ed738a27846c6,C#,,,Minor,,,150,,
Something Just Like This,The Chainsmokers and Coldplay,2017,5,https://open.spotify.com/track/6RUKPb4LETWmmr3iAEQktW?si=f118a8404aba490a,B,,,Minor,,,103,,
God's Plan,Drake,2018,1,https://open.spotify.com/track/6DCZcSspjsKoFjzjrWoCdn?si=349e45984f164205,G,,,Major,,,77,,
Perfect,Ed Sheeran,2018,2,https://open.spotify.com/track/0tgVpDi06FyKpA1z0VMD4v?si=9dc2ca47a2de4318,Ab,,,Major,,,95,,
Meant to Be,Bebe Rexha feat. Florida Georgia Line,2018,3,https://open.spotify.com/track/7iDa6hUg2VgEL1o1HjmfBn?si=1c1fe6d5c67d48e6,Bb,,,Major,,,77,,
Havana,Camila Cabello feat. Young Thug,2018,4,https://open.spotify.com/track/1rfofaqEpACxVEHIZBJe6W?si=715d12bc57ea4984,D,,,Major,,,105,,
rockstar,Post Malone feat. 21 Savage,2018,5,https://open.spotify.com/track/0e7ipj03S05BNilyu5bRzt?si=bc056e22b940474f,F,,,Minor,,,80,,
Old Town Road - Remix,Lil Nas X feat. Billy Ray Cyrus,2019,1,https://open.spotify.com/track/2YpeDb67231RjR0MgVLzsG?si=f95052cabb6c4d15,F#,,,Major,,,136,,
Sunflower,Post Malone and Swae Lee,2019,2,https://open.spotify.com/track/3KkXRkHbMCARz0aVfEt68P?si=000968b2e76a4cbd,D,,,Major,,,90,,
Without Me,Halsey,2019,3,https://open.spotify.com/track/6FZDfxM3a3UCqtzo5pxSLZ?si=5415cc6afea84e80,F#,,,Major,,,136,,
Bad Guy,Billie Eilish,2019,4,https://open.spotify.com/track/2Fxmhks0bxGSBdJ92vM42m?si=3972b09bf75f41ac,G,,,Major,,,135,,
Wow,Post Malone,2019,5,https://open.spotify.com/track/7xQAfvXzm3AkraOtGPWIZg?si=38564df376354ae1,B,,,Minor,,,100,,
Blinding Lights,The Weeknd,2020,1,https://open.spotify.com/track/0VjIjW4GlUZAMYd2vXMi3b?si=eb51ee7e83fb45d2,C#,,,Major,,,171,,
Circles,Post Malone,2020,2,https://open.spotify.com/track/21jGcNKet2qwijlDFuPiPb?si=d38f8cc476a849ec,C,,,Major,,,120,,
The Box,Roddy Ricch,2020,3,https://open.spotify.com/track/0nbXyq5TXYPCO7pr3N8S4I?si=f699c54a59e04351,Bb,,,Minor,,,117,,
Don't Start Now,Dua Lipa,2020,4,https://open.spotify.com/track/6WrI0LAC5M1Rw2MnX2ZvEg?si=818769601f8545b5,B,,,Minor,,,124,,
Rockstar,DaBaby feat. Roddy Ricch,2020,5,https://open.spotify.com/track/7ytR5pFWmSjzHJIeQkgog4?si=2b218e7eed5c4307,B,,,Major,,,90,,
Levitating,Dua Lipa,2021,1,https://open.spotify.com/track/39LLxExYz6ewLAcYrzQQyP?si=2f63e4f4d9684cd3,F#,,,Minor,,,103,,
Save Your Tears,The Weeknd and Ariana Grande,2021,2,https://open.spotify.com/track/1oFAF1hdPOickyHgbuRjyX?si=a05bbf2e72474c6f,C,,,Major,,,118,,
Blinding Lights,The Weeknd,2021,3,https://open.spotify.com/track/0VjIjW4GlUZAMYd2vXMi3b?si=3ee7ac204bb64291,C#,,,Major,,,171,,
Mood,24kGoldn feat. Iann Dior,2021,4,https://open.spotify.com/track/4jPy3l0RUwlUI9T5XHBW2m?si=808fd896b9a2482c,G,,,Minor,,,91,,
Good 4 U,Olivia Rodrigo,2021,5,https://open.spotify.com/track/4ZtFanR9U6ndgddUvNcjcG?si=aeb9d975752541be,A,,,Major,,,84,167,
Heat Waves,Glass Animals,2022,1,https://open.spotify.com/track/3USxtqRwSYz57Ewm6wWRMp?si=7540c0a193c74e5c,B,,,Major,,,81,,
As It Was,Harry Styles,2022,2,https://open.spotify.com/track/4Dvkj6JhhA12EX05fT7y2e?si=1c19cc9b7884431e,A,,,Major,,,174,,
Stay,Kid Laroi and Justin Bieber,2022,3,https://open.spotify.com/track/5HCyWlXZPP0y6Gqq8TgA20?si=e6680ad637db4e21,C#,,,Major,,,170,,
Easy On Me,Adele,2022,4,https://open.spotify.com/track/46IZ0fSY2mpAiktS3KOqds?si=1a68f3dc5fe44f4e,F,,,Major,,,71,,
Shivers,Ed Sheeran,2022,5,https://open.spotify.com/track/50nfwKoDiSYg8zOCREWAm5?si=f858464e207e45cf,D,,,Major,,,141,,