Melody ID,Type,Time Signature,Second TS?,Number of Bars,Pickup?,First Note,Last Note,Notes,,,,,,,Tally: / 1117
1950_01_1,chorus,3/4,No,16,No,1,1,,,,,,,,
1950_01_2,verse,3/4,No,16,No,1,1,,,,,,,,
1950_02_1,N/A,4/4,No,8,Yes,5,3,ballad,,,,,,,
1950_02_2,N/A,4/4,Yes,12,Yes,5,1,orchestral piece,,,,,,,
1950_03_1,N/A,12/8,No,16,No,5,5,,,,,,,,
1950_03_2,N/A,12/8,No,16,No,5,5,,,,,,,,
1950_03_3,N/A,12/8,No,15,No,5,5,,,,,,,,
1950_03_4,N/A,12/8,No,16,Yes,5,5,,,,,,,,
1950_04_1,N/A,12/8,No,16,Yes,3,5,,,,,,,,
1950_04_2,N/A,12/8,No,15,Yes,3,1,,,,,,,,
1950_04_3,N/A,12/8,No,16,Yes,3,5,,,,,,,,
1950_04_4,N/A,12/8,No,19,Yes,3,1,,,,,,,,
1950_05_1,chorus,12/8,No,15,No,1,1,,,,,,,,
1950_05_2,verse,12/8,No,15,No,1,1,,,,,,,,
1950_05_3,bridge,12/8,No,7,No,1,1,,,,,,,,
1951_01_1,N/A,4/4,No,16,Yes,1,3,ballad,,,,,,,
1951_01_2,N/A,4/4,No,15,Yes,1,1,,,,,,,,
1951_02_1,N/A,4/4,No,15,Yes,5,2,ballad,,,,,,,
1951_02_2,N/A,4/4,No,15,Yes,5,1,,,,,,,,
1951_03_1,chorus,4/4,No,8,Yes,2,1,,,,,,,,
1951_03_2,outro,4/4,Yes,17,Yes,2,1,,,,,,,,
1951_04_1,N/A,12/8,No,18,No,5,7,"No idea, Genius says nothing",,,,,,,
1951_04_2,N/A,12/8,No,12,No,7,1,,,,,,,,
1951_05_1,N/A,4/4,No,8,Yes,4,2,ballad,,,,,,,
1952_01_1,N/A,4/4,No,8,No,5,1,orchestral piece,,,,,,,
1952_01_2,N/A,4/4,No,15,Yes,5,1,,,,,,,,
1952_01_3,N/A,4/4,No,15,Yes,1,1,,,,,,,,
1952_02_1,N/A,4/4,No,8,No,5,5,"_1 and _2 kind of make up the chorus together (and the verse? I don't know), Genius gives no answers",,,,,,,
1952_02_2,N/A,4/4,No,8,No,5,1,,,,,,,,
1952_02_3,bridge,4/4,No,9,No,1,5,,,,,,,,
1952_03_1,N/A,4/4,No,15,Yes,4,2,ballad,,,,,,,
1952_03_2,N/A,4/4,No,17,Yes,5,1,,,,,,,,
1952_04_1,verse,12/8,No,8,No,1,1,Not sure if _2 is a verse or a bridge,,,,,,,
1952_04_2,bridge,12/8,No,8,No,1,6,,,,,,,,
1952_05_1,chorus,4/4,No,7,Yes,3,5,,,,,,,,
1952_05_2,verse,4/4,No,23,Yes,1,1,,,,,,,,
1953_01_1,N/A,3/4,No,8,Yes,1,1,orchestral piece,,,,,,,
1953_01_2,N/A,3/4,No,8,Yes,4,2,,,,,,,,
1953_01_3,N/A,3/4,No,8,Yes,4,3,,,,,,,,
1953_02_1,verse,9/8,No,7,Yes,3,3,,,,,,,,
1953_02_2,chorus,9/8,No,7,No,1,3,,,,,,,,
1953_02_3,bridge,9/8,No,16,Yes,N/A,2,,,,,,,,
1953_03_1,chorus,3/4,No,15,Yes,3,3,,,,,,,,
1953_03_2,verse,3/4,No,15,Yes,1,1,,,,,,,,
1953_04_1,verse,4/4,No,7,Yes,5,1,,,,,,,,
1953_04_2,chorus,4/4,No,7,Yes,1,1,,,,,,,,
1953_04_3,bridge,4/4,No,7,Yes,1,2,,,,,,,,
1953_05_1,chorus,12/8,No,8,No,5,1,,,,,,,,
1953_05_2,verse,12/8,No,8,No,2,7,,,,,,,,
1954_01_1,verse,12/8,No,8,No,1,1,"no idea, Genius has no labels",,,,,,,
1954_01_2,bridge,12/8,No,8,No,5,7,,,,,,,,
1954_01_3,N/A,12/8,No,8,No,1,5,,,,,,,,
1954_02_1,chorus,12/8,No,12,No,3,2,"not positive, Genius has no labels",,,,,,,
1954_02_2,verse,12/8,No,8,Yes,3,1,,,,,,,,
1954_03_1,N/A,4/4,No,7,No,1,3,Genius has no labels,,,,,,,
1954_03_2,N/A,4/4,No,7,No,3,4,,,,,,,,
1954_03_3,bridge,4/4,No,11,Yes,4,1,,,,,,,,
1954_04_1,chorus,12/8,No,7,Yes,5,1,Genius has no labels,,,,,,,
1954_04_2,verse,12/8,No,8,Yes,2,5,,,,,,,,
1954_04_3,break,12/8,No,7,Yes,4,5,,,,,,,,
1954_05_1,chorus,12/8,No,11,No,5,1,,,,,,,,
1954_05_2,bridge,12/8,No,8,No,1,5,,,,,,,,
1955_01_1,N/A,4/4,No,9,No,5,1,orchestral piece,,,,,,,
1955_01_2,N/A,4/4,No,8,Yes,1,1,,,,,,,,
1955_01_3,N/A,4/4,No,9,No,5,1,,,,,,,,
1955_01_4,N/A,4/4,No,8,No,5,1,,,,,,,,
1955_02_1,chorus,4/4,No,11,Yes,1,1,"story developed in the chorus, only one melody",,,,,,,
1955_03_1,verse,4/4,No,16,Yes,3,1,See 1955_02,,,,,,,
1955_04_1,N/A,4/4,No,16,Yes,6,1,orchestral piece,,,,,,,
1955_04_2,N/A,4/4,No,15,Yes,2,1,,,,,,,,
1955_05_1,N/A,4/4,No,16,No,1,5,"not sure if verse/chorus terminology is appropriate, no Genius labels",,,,,,,
1955_05_2,N/A,4/4,No,4,Yes,4,1,,,,,,,,
1956_01_1,chorus,12/8,No,8,No,1,1,only one melody,,,,,,,
1956_02_1,verse,12/8,No,7,Yes,5,1,,,,,,,,
1956_02_2,chorus,12/8,No,3,Yes,2,3,,,,,,,,
1956_02_3,postchorus,12/8,No,5,Yes,6,1,,,,,,,,
1956_03_1,N/A,4/4,No,14,Yes,6,1,orchestral piece,,,,,,,
1956_04_1,intro,6/8,No,18,Yes,4,1,,,,,,,,
1956_04_2,verse,6/8,No,14,Yes,3,5,,,,,,,,
1956_04_3,bridge,6/8,No,14,Yes,N/A,2,,,,,,,,
1956_04_4,verse,6/8,No,24,Yes,5,1,,,,,,,,
1956_05_1,chorus,4/4,No,16,Yes,3,1,,,,,,,,
1956_05_2,verse,4/4,No,9,Yes,5,1,,,,,,,,
1957_01_1,verse,12/8,No,11,Yes,1,1,,,,,,,,
1957_01_2,bridge,12/8,No,8,Yes,N/A,6,,,,,,,,
1957_02_1,verse,12/8,No,16,No,6,1,"no idea, Genius has no labels",,,,,,,
1957_02_2,bridge,12/8,No,8,Yes,3,2,,,,,,,,
1957_03_1,chorus,4/4,No,19,Yes,5,1,only one melody,,,,,,,
1957_04_1,verse,12/8,No,11,Yes,3,1,,,,,,,,
1957_04_2,chorus,12/8,No,11,Yes,1,1,,,,,,,,
1957_05_1,N/A,4/4,No,15,Yes,3,1,"sort of an orchestral piece, but mixed in with vocals",,,,,,,
1957_05_2,N/A,4/4,No,9,Yes,4,1,,,,,,,,
1957_05_3,N/A,4/4,No,16,Yes,4,7,,,,,,,,
1957_05_4,N/A,4/4,No,11,No,N/A,2,,,,,,,,
1958_01_1,verse,4/4,No,8,No,3,2,,,,,,,,
1958_01_2,chorus,4/4,No,12,Yes,2,1,,,,,,,,
1958_01_3,verse,4/4,No,11,Yes,1,5,,,,,,,,
1958_02a_1,verse,4/4,No,9,Yes,3,5,,,,,,,,
1958_02a_2,chorus,4/4,No,8,No,6,5,,,,,,,,
1958_02b_1,verse,4/4,No,8,Yes,1,6,,,,,,,,
1958_02b_2,chorus,4/4,No,14,Yes,5,5,,,,,,,,
1958_03a_1,verse,4/4,No,11,No,1,1,,,,,,,,
1958_03a_2,bridge,4/4,No,8,No,3,5,,,,,,,,
1958_03b_1,verse,4/4,No,11,Yes,5,1,,,,,,,,
1958_03b_2,bridge,4/4,No,8,No,6,N/A,,,,,,,,
1958_04_1,verse,4/4,No,6,No,1,1,,,,,,,,
1958_04_2,chorus,4/4,No,8,No,3,1,,,,,,,,
1958_04_3,bridge,4/4,No,8,No,2,2,,,,,,,,
1958_05_1,N/A,12/8,No,7,No,3,3,orchestral piece,,,,,,,
1958_05_2,N/A,12/8,No,8,No,3,6,,,,,,,,
1958_05_3,N/A,12/8,No,7,No,3,2,,,,,,,,
1958_05_4,N/A,12/8,No,7,No,3,6,,,,,,,,
1958_05_5,N/A,12/8,No,15,No,3,3,,,,,,,,
1958_05_6,N/A,12/8,No,7,No,3,1,,,,,,,,
1959_01_1,verse,12/8,No,8,Yes,3,1,,,,,,,,
1959_01_2,chorus,12/8,No,8,Yes,3,1,,,,,,,,
1959_01_3,verse,12/8,No,8,Yes,5,1,,,,,,,,
1959_02_1,N/A,4/4,No,16,Yes,6,5,"no idea, no Genius labels",,,,,,,
1959_02_2,N/A,4/4,No,8,Yes,3,2,,,,,,,,
1959_02_3,N/A,4/4,No,8,Yes,6,6,,,,,,,,
1959_02_4,N/A,4/4,No,8,Yes,6,6,,,,,,,,
1959_02_5,N/A,4/4,No,8,Yes,3,3,,,,,,,,
1959_02_6,N/A,4/4,No,11,Yes,2,4,,,,,,,,
1959_03_1,verse,12/8,No,16,No,1,1,,,,,,,,
1959_03_2,chorus,12/8,No,9,No,1,1,,,,,,,,
1959_03_3,postchorus,12/8,No,9,No,N/A,1,,,,,,,,
1959_04_1,verse,4/4,No,7,No,5,1,_3 is kind of an interesting chorus. Not sure if _2 is the prechorus or the chorus. Maybe _3 is an interlude. No Genius labels,,,,,,,
1959_04_2,prechorus,4/4,No,7,No,6,5,,,,,,,,
1959_04_3,chorus,4/4,No,7,Yes,2,1,,,,,,,,
1959_05_1,chorus,6/8,No,15,Yes,3,1,only one melody,,,,,,,
1960_01_1,N/A,6/8,No,20,No,5,6,orchestral piece,,,,,,,
1960_01_2,N/A,6/8,No,7,No,1,1,,,,,,,,
1960_01_3,N/A,6/8,No,14,Yes,5,1,,,,,,,,
1960_01_4,N/A,6/8,No,20,Yes,1,5,,,,,,,,
1960_01_5,N/A,6/8,No,9,No,6,6,,,,,,,,
1960_02_1,verse,9/8,No,15,Yes,3,1,,,,,,,,
1960_02_2,bridge,9/8,No,8,Yes,6,2,,,,,,,,
1960_03_1,chorus,4/4,No,15,Yes,6,3,,,,,,,,
1960_03_2,verse,4/4,No,7,Yes,1,1,,,,,,,,
1960_04_1,verse,4/4,No,16,Yes,5,1,,,,,,,,
1960_04_2,chorus,12/8,No,8,Yes,6,1,,,,,,,,
1960_05_1,verse,4/4,No,8,Yes,5,1,,,,,,,,
1960_05_2,chorus,4/4,Yes,9,No,1,1,,,,,,,,
1961_01_1,verse,4/4,No,7,No,1,5,,,,,,,,
1961_01_2,chorus,4/4,No,6,No,1,1,,,,,,,,
1961_01_3,bridge,4/4,No,8,No,1,2,,,,,,,,
1961_02_1,verse,4/4,No,15,No,5,1,,,,,,,,
1961_02_2,prechorus,4/4,No,8,Yes,5,5,,,,,,,,
1961_02_3,chorus,4/4,No,12,Yes,6,1,,,,,,,,
1961_03_1,N/A,12/8,No,8,Yes,5,1,chorus and verse have same melody,,,,,,,
1961_04_1,verse,4/4,No,10,Yes,6,5,,,,,,,,
1961_04_2,chorus,4/4,No,17,Yes,1,1,,,,,,,,
1961_05_1,verse,4/4,No,15,No,1,2,,,,,,,,
1961_05_2,chorus,4/4,No,23,No,5,1,,,,,,,,
1962_01_1,N/A,4/4,No,16,Yes,5,1,clarinet instrumental,,,,,,,
1962_01_2,N/A,4/4,No,15,Yes,5,1,,,,,,,,
1962_01_3,N/A,4/4,No,16,No,5,5,,,,,,,,
1962_01_4,N/A,4/4,No,9,Yes,5,1,,,,,,,,
1962_02_1,chorus,4/4,No,15,Yes,1,1,,,,,,,,
1962_02_2,verse,4/4,No,15,Yes,3,3,,,,,,,,
1962_02_3,verse,4/4,No,15,Yes,3,3,,,,,,,,
1962_03_1,verse,4/4,No,8,No,3,5,,,,,,,,
1962_03_2,chorus,4/4,No,8,No,3,5,,,,,,,,
1962_04_1,verse,4/4,No,7,Yes,1,1,,,,,,,,
1962_04_2,chorus,4/4,No,7,Yes,6,1,,,,,,,,
1962_04_3,verse,4/4,No,8,No,6,5,,,,,,,,
1962_05_1,N/A,12/8,No,8,Yes,1,6,orchestral piece,,,,,,,
1962_05_2,N/A,12/8,No,8,Yes,1,1,,,,,,,,
1962_05_3,N/A,12/8,No,6,Yes,N/A,N/A,,,,,,,,
1962_05_4,N/A,12/8,No,8,Yes,1,1,,,,,,,,
1962_05_5,N/A,12/8,No,8,Yes,1,4,,,,,,,,
1963_01_1,chorus,4/4,No,15,Yes,5,1,,,,,,,,
1963_02_1,verse,12/8,No,8,No,3,1,,,,,,,,
1963_02_2,bridge,12/8,No,8,Yes,6,4,,,,,,,,
1963_03_1,chorus,4/4,No,8,No,6,1,,,,,,,,
1963_03_2,bridge,4/4,No,7,No,6,1,,,,,,,,
1963_04_1,chorus,4/4,No,15,Yes,2,1,,,,,,,,
1963_04_2,bridge,4/4,No,16,No,6,5,,,,,,,,
1963_05_1,chorus,12/8,No,7,Yes,1,5,,,,,,,,
1963_05_2,bridge,12/8,No,8,No,3,5,,,,,,,,
1963_05_3,outro,12/8,No,3,Yes,3,1,,,,,,,,
1964_01_1,verse,4/4,No,8,Yes,5,7,,,,,,,,
1964_01_2,chorus,4/4,No,4,No,1,1,,,,,,,,
1964_01_3,bridge,4/4,No,11,No,2,5,,,,,,,,
1964_02_1,verse,4/4,No,8,Yes,1,3,,,,,,,,
1964_02_2,prechorus,4/4,No,8,Yes,6,3,,,,,,,,
1964_02_3,chorus,4/4,No,7,Yes,6,1,,,,,,,,
1964_03_1,verse,4/4,No,15,Yes,5,6,"Nothing on Genius, might do N/A ",,,,,,,
1964_03_2,chorus,4/4,No,15,Yes,5,1,,,,,,,,
1964_04_1,verse,4/4,Yes,10,Yes,2,5,,,,,,,,
1964_04_2,bridge,4/4,No,14,Yes,3,1,,,,,,,,
1964_04_3,bridge,4/4,No,11,No,3,5,,,,,,,,
1964_04_4,outro,4/4,No,23,Yes,7,1,,,,,,,,
1964_05_1,hook,4/4,No,4,No,1,6,,,,,,,,
1964_05_2,chorus,4/4,No,8,No,5,2,,,,,,,,
1964_05_3,verse,4/4,No,10,Yes,6,2,,,,,,,,
1964_05_4,bridge,4/4,No,10,Yes,6,2,,,,,,,,
1965_01_1,verse,4/4,No,7,No,1,6,,,,,,,,
1965_01_2,chorus,4/4,No,7,Yes,2,2,,,,,,,,
1965_02_1,chorus,4/4,No,7,No,3,1,,,,,,,,
1965_02_2,verse,4/4,No,8,Yes,3,1,,,,,,,,
1965_02_3,prechorus,4/4,No,8,Yes,3,1,,,,,,,,
1965_03_1,chorus,4/4,No,15,No,3,1,,,,,,,,
1965_03_2,verse,4/4,No,18,No,6,5,,,,,,,,
1965_04_1,chorus,4/4,No,15,No,2,6,,,,,,,,
1965_04_2,bridge,4/4,No,16,Yes,1,2,,,,,,,,
1965_05_1,verse,4/4,No,7,Yes,3,3,,,,,,,,
1965_05_2,prechorus,4/4,No,4,Yes,1,1,,,,,,,,
1965_05_3,chorus,4/4,No,9,No,1,3,,,,,,,,
1965_05_4,bridge,4/4,No,15,No,1,5,,,,,,,,
1965_05_5,N/A,4/4,No,8,No,3,5,,,,,,,,
1966_01_1,chorus,4/4,No,15,Yes,1,2,,,,,,,,
1966_01_2,verse,4/4,No,16,Yes,1,2,,,,,,,,
1966_02_1,verse,4/4,No,7,Yes,3,1,,,,,,,,
1966_02_2,prechorus,4/4,No,8,No,3,1,,,,,,,,
1966_02_3,chorus,4/4,No,20,No,3,3,,,,,,,,
1966_02_4,outro,4/4,No,11,Yes,3,4,,,,,,,,
1966_03_1,verse,4/4,No,8,No,1,1,,,,,,,,
1966_03_2,chorus,4/4,No,8,No,1,1,,,,,,,,
1966_03_3,outro,4/4,No,6,No,5,2,,,,,,,,
1966_04_1,chorus,4/4,No,9,Yes,N/A,1,,,,,,,,
1966_04_2,break,4/4,No,4,No,5,5,,,,,,,,
1966_05_1,verse,4/4,No,15,Yes,1,3,,,,,,,,
1966_05_2,chorus,4/4,No,8,No,2,2,,,,,,,,
1967_01_1,verse,4/4,No,12,No,2,1,,,,,,,,
1967_01_2,prechorus,4/4,No,8,No,7,2,,,,,,,,
1967_01_3,chorus,4/4,No,8,Yes,2,2,,,,,,,,
1967_02_1,verse,4/4,No,8,No,1,1,,,,,,,,
1967_02_2,chorus,4/4,No,8,Yes,5,5,,,,,,,,
1967_03_1,verse,4/4,No,23,Yes,1,1,,,,,,,,
1967_04_1,verse,4/4,No,8,No,3,1,,,,,,,,
1967_04_2,chorus,4/4,No,11,No,5,1,,,,,,,,
1967_05_1,verse,4/4,No,15,No,1,7,,,,,,,,
1967_05_2,chorus,4/4,No,14,No,1,1,,,,,,,,
1968_01_1,verse,4/4,No,8,Yes,3,1,,,,,,,,
1968_01_2,chorus,4/4,No,10,No,1,1,,,,,,,,
1968_01_3,outro,4/4,No,8,No,5,1,,,,,,,,
1968_02_1,N/A,4/4,No,8,No,5,1,orchestral piece,,,,,,,
1968_02_2,N/A,4/4,No,8,No,3,1,,,,,,,,
1968_03_1,verse,4/4,No,7,No,5,3,,,,,,,,
1968_03_2,chorus,4/4,No,8,No,2,1,,,,,,,,
1968_04_1,verse,4/4,No,8,No,1,3,,,,,,,,
1968_04_2,chorus,4/4,No,8,Yes,1,6,,,,,,,,
1968_04_3,bridge,4/4,No,8,No,1,5,,,,,,,,
1968_05_1,chorus,4/4,No,8,No,6,1,,,,,,,,
1968_05_2,verse,4/4,No,16,No,4,1,,,,,,,,
1969_01_1,chorus,4/4,No,15,No,6,1,,,,,,,,
1969_01_2,verse,4/4,No,8,No,3,5,,,,,,,,
1969_01_3,prechorus,4/4,No,16,No,3,1,,,,,,,,
1969_02_1,verse,4/4,No,8,Yes,1,7,,,,,,,,
1969_02_2,chorus,4/4,No,13,No,1,3,,,,,,,,
1969_02_3,verse,4/4,No,19,No,2,3,,,,,,,,
1969_02_4,outro,4/4,No,6,No,1,1,,,,,,,,
1969_03_1,verse,4/4,No,8,No,1,1,,,,,,,,
1969_03_2,chorus,4/4,No,7,No,4,3,,,,,,,,
1969_03_3,verse,4/4,No,12,No,1,5,,,,,,,,
1969_04_1,verse,4/4,No,15,Yes,3,1,,,,,,,,
1969_04_2,chorus,4/4,No,7,Yes,3,1,,,,,,,,
1969_05_1,verse,4/4,No,8,No,1,1,,,,,,,,
1969_05_2,chorus,4/4,No,3,No,2,1,,,,,,,,
1969_05_3,postchorus,4/4,No,12,No,5,5,,,,,,,,
1970_01_1,verse,4/4,No,16,Yes,3,2,,,,,,,,
1970_01_2,chorus,4/4,No,8,Yes,1,1,,,,,,,,
1970_02_1,verse,12/8,No,7,Yes,3,3,,,,,,,,
1970_02_2,chorus,12/8,No,7,No,1,3,,,,,,,,
1970_02_3,break,12/8,No,15,No,1,3,,,,,,,,
1970_03_1,verse,4/4,No,12,Yes,4,1,,,,,,,,
1970_03_2,outro,4/4,No,19,No,1,N/A,,,,,,,,
1970_04_1,verse,12/8,No,8,No,3,5,,,,,,,,
1970_04_2,bridge,12/8,No,8,Yes,3,2,,,,,,,,
1970_05_1,verse,4/4,No,10,Yes,4,2,,,,,,,,
1970_05_2,chorus,4/4,No,7,Yes,1,1,,,,,,,,
1971_01_1,verse,4/4,No,10,No,6,1,,,,,,,,
1971_01_2,chorus,4/4,No,8,No,3,1,,,,,,,,
1971_01_3,bridge,4/4,No,8,No,2,7,,,,,,,,
1971_02a_1,verse,4/4,No,7,No,3,3,,,,,,,,
1971_02a_2,chorus,4/4,No,15,Yes,6,1,,,,,,,,
1971_02b_1,verse,4/4,No,17,No,6,5,,,,,,,,
1971_02b_2,chorus,4/4,No,9,Yes,2,1,,,,,,,,
1971_03a_1,chorus,4/4,No,8,Yes,5,4,,,,,,,,
1971_03a_2,verse,4/4,No,8,Yes,7,4,,,,,,,,
1971_03a_3,bridge,4/4,No,8,Yes,5,3,,,,,,,,
1971_03b_1,verse,4/4,No,7,No,1,1,,,,,,,,
1971_03b_2,chorus,4/4,No,10,Yes,1,1,,,,,,,,
1971_03b_3,outro,4/4,No,5,Yes,7,5,,,,,,,,
1971_04_1,verse,4/4,No,8,No,3,1,,,,,,,,
1971_04_2,chorus,4/4,No,8,No,6,1,,,,,,,,
1971_05_1,verse,12/8,No,8,No,3,7,,,,,,,,
1971_05_2,chorus,12/8,No,8,No,7,1,,,,,,,,
1972_01_1,verse,4/4,No,16,No,5,5,,,,,,,,
1972_02_1,verse,4/4,No,16,No,3,1,,,,,,,,
1972_02_2,bridge,4/4,No,7,Yes,5,2,,,,,,,,
1972_03_1,intro,4/4,No,19,Yes,5,1,,,,,,,,
1972_03_2,chorus,4/4,No,10,No,5,5,,,,,,,,
1972_03_3,verse,4/4,No,32,No,5,1,,,,,,,,
1972_04_1,verse,4/4,No,7,Yes,6,3,,,,,,,,
1972_04_2,chorus,4/4,No,8,Yes,3,4,,,,,,,,
1972_05_1,verse,12/8,No,9,No,3,1,,,,,,,,
1972_05_2,chorus,12/8,No,3,Yes,2,1,,,,,,,,
1972_05_3,bridge,12/8,No,8,Yes,6,5,,,,,,,,
1973_01_1,verse,4/4,No,10,No,1,5,,,,,,,,
1973_01_2,chorus,4/4,No,11,Yes,1,1,,,,,,,,
1973_01_3,bridge,4/4,No,7,Yes,5,1,,,,,,,,
1973_02_1,verse,12/8,No,8,Yes,3,1,,,,,,,,
1973_02_2,chorus,12/8,No,8,Yes,1,1,,,,,,,,
1973_03_1,chorus,4/4,No,15,Yes,7,5,,,,,,,,
1973_03_2,verse,4/4,No,14,No,3,5,,,,,,,,
1973_04_1,verse,4/4,No,7,No,3,6,,,,,,,,
1973_04_2,chorus,4/4,No,7,Yes,5,5,,,,,,,,
1973_04_3,verse,4/4,No,15,No,1,3,,,,,,,,
1973_04_4,bridge,4/4,No,15,No,3,7,,,,,,,,
1973_04_5,verse,4/4,No,16,Yes,5,6,,,,,,,,
1973_04_6,bridge,4/4,No,15,No,3,3,,,,,,,,
1973_04_7,outro,4/4,No,22,No,5,6,,,,,,,,
1973_05_1,verse,4/4,No,7,No,1,3,,,,,,,,
1973_05_2,chorus,4/4,No,4,Yes,1,1,,,,,,,,
1973_05_3,bridge,4/4,No,8,Yes,1,1,,,,,,,,
1974_01_1,verse,4/4,No,7,Yes,6,3,,,,,,,,
1974_01_2,bridge,4/4,No,9,No,1,5,,,,,,,,
1974_01_3,outro,4/4,No,10,Yes,6,3,,,,,,,,
1974_02_1,verse,4/4,No,18,No,3,1,,,,,,,,
1974_02_2,chorus,4/4,Yes,5,Yes,5,1,,,,,,,,
1974_03_1,N/A,4/4,No,16,No,5,2,orchestral piece,,,,,,,
1974_03_2,N/A,4/4,No,14,No,5,5,,,,,,,,
1974_03_3,N/A,4/4,No,7,Yes,2,2,,,,,,,,
1974_04_1,verse,4/4,No,16,No,1,6,,,,,,,,
1974_04_2,chorus,4/4,No,8,No,3,1,,,,,,,,
1974_04_3,bridge,4/4,No,8,No,1,3,,,,,,,,
1974_05_1,verse,4/4,No,9,No,4,2,don't quite agree with Genius,,,,,,,
1974_05_2,break,4/4,No,4,Yes,4,2,,,,,,,,
1974_05_3,hook,4/4,No,8,No,4,3,,,,,,,,
1974_05_4,chorus,4/4,No,8,Yes,4,2,,,,,,,,
1975_01_1,verse,4/4,No,10,No,5,1,,,,,,,,
1975_01_2,chorus,4/4,No,8,Yes,3,1,,,,,,,,
1975_01_3,bridge,4/4,No,10,No,5,5,,,,,,,,
1975_02_1,verse,4/4,No,13,Yes,3,5,,,,,,,,
1975_02_2,prechorus,4/4,No,7,Yes,7,2,,,,,,,,
1975_02_3,chorus,4/4,No,13,Yes,3,1,,,,,,,,
1975_03_1,verse,4/4,No,15,Yes,1,4,,,,,,,,
1975_03_2,chorus,4/4,No,14,Yes,2,4,,,,,,,,
1975_03_3,postchorus,4/4,No,18,Yes,N/A,4,,,,,,,,
1975_04_1,verse,4/4,No,15,Yes,5,1,,,,,,,,
1975_04_2,verse,4/4,No,19,Yes,4,1,,,,,,,,
1975_05_1,chorus,4/4,Yes,8,No,3,1,,,,,,,,
1975_05_2,verse,4/4,No,8,No,5,2,,,,,,,,
1976_01_1,verse,4/4,No,19,No,5,5,,,,,,,,
1976_01_2,chorus,4/4,No,7,No,5,3,,,,,,,,
1976_01_3,verse,4/4,No,15,No,1,5,,,,,,,,
1976_01_4,bridge,4/4,No,11,No,5,6,,,,,,,,
1976_01_5,bridge,4/4,No,15,Yes,3,2,,,,,,,,
1976_02_1,verse,4/4,No,17,No,1,6,,,,,,,,
1976_02_2,chorus,4/4,No,15,No,5,1,,,,,,,,
1976_02_3,postchorus,4/4,No,7,No,6,1,,,,,,,,
1976_03_1,chorus,4/4,No,7,Yes,1,6,nothing on Genius,,,,,,,
1976_03_2,verse,4/4,No,12,Yes,7,3,,,,,,,,
1976_03_3,bridge,4/4,No,11,No,1,6,,,,,,,,
1976_04_1,verse,4/4,No,7,Yes,1,1,,,,,,,,
1976_04_2,chorus,4/4,No,8,Yes,2,2,,,,,,,,
1976_04_3,bridge,4/4,No,5,No,3,5,,,,,,,,
1976_05_1,verse,4/4,No,16,Yes,7,3,,,,,,,,
1976_05_2,prechorus,4/4,No,4,Yes,7,3,,,,,,,,
1976_05_3,chorus,4/4,No,9,No,N/A,N/A,,,,,,,,
1977_01_1,verse,12/8,No,8,No,3,6,,,,,,,,
1977_01_2,verse,12/8,No,8,No,6,6,,,,,,,,
1977_01_3,chorus,12/8,No,7,No,1,5,,,,,,,,
1977_02_1,verse,4/4,No,8,Yes,2,2,,,,,,,,
1977_02_2,prechorus,4/4,No,8,Yes,3,5,,,,,,,,
1977_02_3,chorus,4/4,No,7,No,1,3,,,,,,,,
1977_02_4,postchorus,4/4,No,7,No,1,1,,,,,,,,
1977_03_1,verse,4/4,No,16,No,1,6,,,,,,,,
1977_03_2,chorus,4/4,No,8,Yes,5,1,,,,,,,,
1977_03_3,verse,4/4,No,8,No,1,1,,,,,,,,
1977_03_4,prechorus,4/4,No,8,Yes,3,5,,,,,,,,
1977_04_1,verse,4/4,No,8,No,3,2,No lyric sites have section labels,,,,,,,
1977_04_2,chorus,4/4,No,8,No,1,5,,,,,,,,
1977_04_3,verse,4/4,No,9,No,1,1,,,,,,,,
1977_04_4,verse,4/4,No,13,Yes,6,1,,,,,,,,
1977_05_1,verse,4/4,No,8,No,3,6,,,,,,,,
1977_05_2,prechorus,4/4,No,8,No,7,1,,,,,,,,
1977_05_3,chorus,4/4,No,8,Yes,3,1,,,,,,,,
1978_01_1,verse,4/4,No,7,No,3,1,,,,,,,,
1978_01_2,prechorus,4/4,No,13,No,5,4,,,,,,,,
1978_01_3,chorus,4/4,No,8,No,7,4,,,,,,,,
1978_02_1,verse,4/4,No,8,No,1,1,,,,,,,,
1978_02_2,prechorus,4/4,No,6,Yes,3,N/A,,,,,,,,
1978_02_3,chorus,4/4,No,7,No,1,1,,,,,,,,
1978_02_4,bridge,4/4,No,8,No,5,2,,,,,,,,
1978_03_1,verse,3/4,No,16,No,4,6,,,,,,,,
1978_03_2,chorus,3/4,No,14,Yes,3,2,,,,,,,,
1978_04_1,verse,4/4,No,8,Yes,5,1,,,,,,,,
1978_04_2,chorus,4/4,No,9,No,3,7,,,,,,,,
1978_04_3,break,4/4,No,10,No,4,1,,,,,,,,
1978_05_1,verse,4/4,No,9,No,5,5,,,,,,,,
1978_05_2,verse,4/4,No,8,No,1,6,,,,,,,,
1978_05_3,prechorus,4/4,No,7,No,2,3,,,,,,,,
1978_05_4,chorus,4/4,No,10,No,3,1,,,,,,,,
1978_05_5,bridge,4/4,No,7,No,3,1,,,,,,,,
1978_05_6,prechorus,4/4,No,7,No,5,3,,,,,,,,
1979_01_1,verse,4/4,No,12,Yes,N/A,N/A,,,,,,,,
1979_01_2,chorus,4/4,No,4,No,N/A,N/A,,,,,,,,
1979_01_3,outro,4/4,No,12,Yes,N/A,N/A,,,,,,,,
1979_02_1,chorus,4/4,No,8,No,3,1,,,,,,,,
1979_02_2,verse,4/4,No,8,No,3,2,,,,,,,,
1979_02_3,prechorus,4/4,No,9,No,1,1,,,,,,,,
1979_02_4,chorus,4/4,No,8,No,3,1,,,,,,,,
1979_02_5,verse,4/4,No,15,Yes,4,1,,,,,,,,
1979_03_1,hook,4/4,No,7,Yes,1,1,,,,,,,,
1979_03_2,verse,4/4,No,14,No,1,3,,,,,,,,
1979_04_1,verse,4/4,No,8,No,5,5,,,,,,,,
1979_04_2,chorus,4/4,No,8,Yes,7,5,,,,,,,,
1979_05_1,chorus,4/4,No,9,No,2,1,verse and chorus have the same melody,,,,,,,
1980_01_1,verse,12/8,No,12,No,1,5,,,,,,,,
1980_01_2,chorus,12/8,No,9,Yes,1,1,,,,,,,,
1980_01_3,bridge,12/8,Yes,19,No,N/A,N/A,,,,,,,,
1980_02_1,verse,4/4,No,19,No,1,3,,,,,,,,
1980_02_2,chorus,4/4,No,7,No,3,1,,,,,,,,
1980_03_1,verse,4/4,No,9,No,1,1,,,,,,,,
1980_03_2,chorus,4/4,No,8,Yes,1,5,,,,,,,,
1980_03_3,postchorus,4/4,No,12,Yes,1,1,,,,,,,,
1980_04_1,verse,4/4,No,12,No,3,1,,,,,,,,
1980_04_2,prechorus,4/4,No,4,Yes,3,7,,,,,,,,
1980_04_3,chorus,4/4,No,8,Yes,1,4,,,,,,,,
1980_04_4,bridge,4/4,No,8,Yes,5,5,,,,,,,,
1980_05_1,chorus,4/4,No,8,No,3,3,,,,,,,,
1980_05_2,postchorus,4/4,No,6,Yes,3,1,,,,,,,,
1981_01_1,verse,4/4,No,15,No,6,1,,,,,,,,
1981_01_2,chorus,4/4,No,12,Yes,3,1,,,,,,,,
1981_02_1,verse,4/4,No,11,No,3,3,,,,,,,,
1981_02_2,chorus,4/4,No,17,Yes,6,1,,,,,,,,
1981_03_1,verse,4/4,Yes,13,No,5,5,,,,,,,,
1981_03_2,chorus,4/4,No,8,No,1,1,,,,,,,,
1981_03_3,bridge,4/4,No,15,No,1,3,,,,,,,,
1981_04_1,verse,12/8,No,15,Yes,2,1,,,,,,,,
1981_04_2,verse,12/8,No,14,Yes,5,1,,,,,,,,
1981_04_3,chorus,12/8,No,9,No,2,2,,,,,,,,
1981_05_1,verse,4/4,No,8,Yes,1,1,,,,,,,,
1981_05_2,prechorus,4/4,No,6,Yes,1,5,,,,,,,,
1981_05_3,chorus,4/4,No,6,Yes,5,2,,,,,,,,
1981_05_4,bridge,4/4,No,8,No,6,5,,,,,,,,
1982_01_1,verse,4/4,No,16,Yes,5,5,,,,,,,,
1982_01_2,chorus,4/4,No,15,Yes,5,1,,,,,,,,
1982_02_1,verse,4/4,No,8,No,5,5,,,,,,,,
1982_02_2,chorus,4/4,No,10,No,4,3,,,,,,,,
1982_03_1,verse,4/4,Yes,11,Yes,1,1,,,,,,,,
1982_03_2,chorus,4/4,Yes,5,No,1,1,,,,,,,,
1982_04_1,chorus,4/4,No,7,No,3,3,,,,,,,,
1982_04_2,verse,4/4,No,9,No,3,1,,,,,,,,
1982_04_3,outro,4/4,No,4,No,2,1,,,,,,,,
1982_05_1,verse,4/4,No,8,No,3,1,,,,,,,,
1982_05_2,chorus,4/4,No,8,Yes,3,1,,,,,,,,
1982_05_3,postchorus,4/4,No,8,No,3,2,,,,,,,,
1983_01_1,chorus,4/4,No,7,No,3,5,,,,,,,,
1983_01_2,postchorus,4/4,No,7,Yes,6,5,,,,,,,,
1983_01_3,bridge,4/4,No,12,No,1,1,,,,,,,,
1983_02_1,verse,4/4,No,18,No,5,1,,,,,,,,
1983_02_2,prechorus,4/4,No,9,No,1,5,,,,,,,,
1983_02_3,chorus,4/4,No,11,No,1,5,,,,,,,,
1983_03_1,verse,4/4,No,7,Yes,3,2,,,,,,,,
1983_03_2,chorus,4/4,No,15,Yes,1,5,,,,,,,,
1983_04_1,verse,4/4,No,8,No,5,5,,,,,,,,
1983_04_2,chorus,4/4,No,8,No,3,1,,,,,,,,
1983_05_1,verse,4/4,No,8,No,5,7,,,,,,,,
1983_05_2,chorus,4/4,No,12,Yes,5,7,,,,,,,,
1984_01_1,verse,4/4,No,8,No,1,1,,,,,,,,
1984_02_1,verse,4/4,No,13,Yes,5,7,,,,,,,,
1984_02_2,chorus,4/4,No,8,Yes,1,5,,,,,,,,
1984_02_3,bridge,4/4,No,8,No,4,5,,,,,,,,
1984_03_1,verse,4/4,No,8,No,1,1,,,,,,,,
1984_03_2,chorus,4/4,No,9,No,6,3,,,,,,,,
1984_03_3,bridge,4/4,No,7,No,7,7, ,,,,,,,
1984_04_1,verse,4/4,No,21,No,6,5,,,,,,,,
1984_04_2,chorus,4/4,No,16,Yes,3,3,,,,,,,,
1984_05_1,verse,4/4,No,11,No,6,5,,,,,,,,
1984_05_2,chorus,4/4,No,16,Yes,1,2,,,,,,,,
1985_01_1,verse,4/4,No,8,Yes,5,1,,,,,,,,
1985_01_2,chorus,4/4,No,9,No,3,1,,,,,,,,
1985_01_3,verse,4/4,No,9,No,1,1,,,,,,,,
1985_01_4,bridge,4/4,No,8,Yes,5,1,,,,,,,,
1985_02_1,verse,4/4,No,17,Yes,5,4,,,,,,,,
1985_02_2,chorus,4/4,No,8,Yes,3,3,,,,,,,,
1985_02_3,bridge,4/4,No,7,Yes,1,1,,,,,,,,
1985_03_1,verse,12/8,No,8,Yes,1,5,,,,,,,,
1985_03_2,prechorus,12/8,No,9,Yes,2,6,,,,,,,,
1985_03_3,chorus,12/8,No,18,Yes,3,1,,,,,,,,
1985_03_4,bridge,12/8,No,9,No,2,6,,,,,,,,
1985_04_1,verse,4/4,Yes,9,No,5,1,,,,,,,,
1985_04_2,prechorus,4/4,No,9,Yes,2,5,,,,,,,,
1985_04_3,chorus,4/4,No,8,No,3,2,,,,,,,,
1985_05_1,verse,4/4,No,8,No,5,2,,,,,,,,
1985_05_2,prechorus,4/4,No,7,No,1,2,,,,,,,,
1985_05_3,chorus,4/4,No,7,Yes,N/A,4,,,,,,,,
1986_01_1,verse,4/4,Yes,10,Yes,5,7,,,,,,,,
1986_01_2,chorus,4/4,No,8,No,7,5,,,,,,,,
1986_02_1,chorus,4/4,No,8,No,3,1,,,,,,,,
1986_02_2,verse,4/4,No,8,No,3,4,,,,,,,,
1986_02_3,bridge,4/4,No,8,Yes,6,N/A,,,,,,,,
1986_03_1,verse,4/4,No,8,No,3,3,,,,,,,,
1986_03_2,chorus,4/4,No,9,No,3,2,,,,,,,,
1986_03_3,bridge,4/4,No,8,Yes,2,2,,,,,,,,
1986_04_1,verse,4/4,No,11,No,3,3,"In _4 the vocalist is adlibbing on top of the chorus, in between the lines of the chorus",,,,,,,
1986_04_2,chorus,4/4,No,5,Yes,2,2,,,,,,,,
1986_04_3,bridge,4/4,No,14,Yes,2,5,,,,,,,,
1986_04_4,N/A,4/4,No,6,Yes,2,1,,,,,,,,
1986_04_5,outro,4/4,No,23,Yes,2,2,,,,,,,,
1986_05_1,verse,4/4,No,7,No,2,1,,,,,,,,
1986_05_2,chorus,4/4,No,8,Yes,5,1,,,,,,,,
1987_01_1,verse,4/4,No,16,No,5,1,,,,,,,,
1987_01_2,prechorus,4/4,No,7,No,4,4,,,,,,,,
1987_01_3,chorus,4/4,No,2,No,1,5,,,,,,,,
1987_02_1,verse,4/4,No,13,No,3,3,,,,,,,,
1987_02_2,chorus,4/4,No,10,No,7,6,,,,,,,,
1987_03_1,verse,4/4,No,16,No,5,3,,,,,,,,
1987_03_2,chorus,4/4,No,8,No,5,6,,,,,,,,
1987_03_3,bridge,4/4,No,6,Yes,3,1,,,,,,,,
1987_04_1,verse,4/4,No,8,No,5,6,,,,,,,,
1987_04_2,prechorus,4/4,No,7,No,4,1,,,,,,,,
1987_04_3,chorus,4/4,No,17,No,3,1,,,,,,,,
1987_04_4,bridge,4/4,No,8,Yes,3,3,,,,,,,,
1987_04_5,outro,4/4,No,17,Yes,3,3,,,,,,,,
1987_05_1,verse,4/4,No,8,Yes,4,2,,,,,,,,
1987_05_2,verse,4/4,No,8,No,1,2,,,,,,,,
1987_05_3,chorus,4/4,No,9,Yes,4,1,,,,,,,,
1987_05_4,bridge,4/4,No,10,No,1,5,,,,,,,,
1988_01_1,verse,4/4,No,8,Yes,3,1,,,,,,,,
1988_01_2,prechorus,4/4,No,8,Yes,6,3,,,,,,,,
1988_01_3,chorus,4/4,No,4,Yes,1,1,,,,,,,,
1988_02_1,verse,4/4,No,9,No,4,1,,,,,,,,
1988_02_2,prechorus,4/4,No,7,Yes,5,1,,,,,,,,
1988_02_3,chorus,4/4,No,7,No,3,3,,,,,,,,
1988_02_4,postchorus,4/4,No,6,No,1,3,,,,,,,,
1988_03_1,chorus,4/4,No,7,Yes,1,1,,,,,,,,
1988_03_2,verse,4/4,No,8,No,6,1,,,,,,,,
1988_03_3,prechorus,4/4,No,10,Yes,1,1,,,,,,,,
1988_03_4,verse,4/4,No,8,Yes,3,6,,,,,,,,
1988_04_1,verse,4/4,No,12,No,1,4,,,,,,,,
1988_04_2,chorus,4/4,No,8,Yes,5,3,,,,,,,,
1988_05_1,verse,4/4,No,15,No,5,3,,,,,,,,
1988_05_2,chorus,4/4,No,7,No,5,1,,,,,,,,
1988_05_3,bridge,4/4,No,7,No,2,5,,,,,,,,
1989_01_1,verse,4/4,No,8,Yes,3,3,,,,,,,,
1989_01_2,prechorus,4/4,No,8,No,1,5,,,,,,,,
1989_01_3,chorus,4/4,No,11,Yes,5,1,,,,,,,,
1989_02_1,chorus,4/4,No,8,No,3,2,,,,,,,,
1989_02_2,verse,4/4,No,16,Yes,3,4,,,,,,,,
1989_02_3,postchorus,4/4,No,7,Yes,4,1,,,,,,,,
1989_02_4,verse,4/4,No,8,No,5,4,,,,,,,,
1989_02_5,bridge,4/4,No,8,No,4,5,,,,,,,,
1989_02_6,break,4/4,No,5,No,5,1,,,,,,,,
1989_03_1,verse,4/4,No,8,No,3,1,,,,,,,,
1989_03_2,chorus,4/4,No,8,No,1,1,,,,,,,,
1989_03_3,bridge,4/4,No,5,No,6,5,,,,,,,,
1989_04_1,verse,4/4,No,8,No,1,1,,,,,,,,
1989_04_2,prechorus,4/4,No,4,No,2,5,,,,,,,,
1989_04_3,chorus,4/4,No,8,No,5,5,,,,,,,,
1989_04_4,bridge,4/4,No,7,No,5,5,,,,,,,,
1989_04_5,break,4/4,No,8,No,3,1,,,,,,,,
1989_04_6,break,4/4,No,8,No,3,1,,,,,,,,
1989_05_1,verse,4/4,No,16,No,1,N/A,,,,,,,,
1989_05_2,prechorus,4/4,No,8,No,3,4,,,,,,,,
1989_05_3,chorus,4/4,No,8,No,6,4,,,,,,,,
1989_05_4,verse,4/4,No,9,No,6,4,,,,,,,,
1989_05_5,bridge,4/4,No,7,No,1,4,,,,,,,,
1990_01_1,verse,4/4,No,13,No,6,6,,,,,,,,
1990_01_2,chorus,4/4,No,12,No,6,1,,,,,,,,
1990_01_3,bridge,4/4,No,8,No,6,1,,,,,,,,
1990_02_1,verse,4/4,No,15,Yes,3,1,,,,,,,,
1990_02_2,chorus,4/4,No,8,Yes,5,2,,,,,,,,
1990_03_1,verse,4/4,No,16,No,1,1,,,,,,,,
1990_03_2,chorus,4/4,No,4,No,1,2,,,,,,,,
1990_03_3,bridge,4/4,No,8,No,5,3,,,,,,,,
1990_04_1,verse,4/4,No,15,Yes,1,5,,,,,,,,
1990_04_2,prechorus,4/4,No,8,No,1,5,,,,,,,,
1990_04_3,chorus,4/4,No,5,Yes,1,1,,,,,,,,
1990_05_1,verse,4/4,No,16,No,4,1,,,,,,,,
1990_05_2,chorus,4/4,No,8,No,1,1,,,,,,,,
1990_05_3,bridge,4/4,No,11,No,N/A,3,,,,,,,,
1990_05_4,outro,4/4,No,10,No,1,2,,,,,,,,
1991_01_1,verse,4/4,No,8,No,3,2,,,,,,,,
1991_01_2,chorus,4/4,No,7,Yes,5,1,,,,,,,,
1991_01_3,bridge,4/4,No,8,Yes,N/A,N/A,,,,,,,,
1991_02_1,verse,4/4,No,9,No,5,3,,,,,,,,
1991_02_2,prechorus,4/4,No,8,No,5,1,,,,,,,,
1991_02_3,chorus,4/4,No,5,No,5,1,,,,,,,,
1991_02_4,outro,4/4,No,7,No,3,1,,,,,,,,
1991_03_1,N/A,4/4,No,5,No,5,1,,,,,,,,
1991_03_2,N/A,4/4,No,4,No,7,1,,,,,,,,
1991_03_3,N/A,4/4,No,8,Yes,2,7,,,,,,,,
1991_04_1,verse,4/4,No,10,Yes,1,7,,,,,,,,
1991_04_2,prechorus,4/4,No,4,Yes,6,5,,,,,,,,
1991_04_3,chorus,4/4,No,8,No,3,2,,,,,,,,
1991_04_4,bridge,4/4,No,8,No,2,5,,,,,,,,
1991_05_1,verse,4/4,No,8,No,5,1,,,,,,,,
1991_05_2,prechorus,4/4,No,4,No,6,2,,,,,,,,
1991_05_3,chorus,4/4,No,8,No,3,1,,,,,,,,
1992_01_1,verse,6/8,No,15,Yes,5,2,,,,,,,,
1992_01_2,prechorus,6/8,No,8,Yes,3,3,,,,,,,,
1992_01_3,chorus,6/8,No,16,Yes,3,3,,,,,,,,
1992_04_1,chorus,4/4,No,8,Yes,7,1,The chorus melody is also the first verse,,,,,,,
1992_04_2,verse,4/4,No,8,Yes,3,2,,,,,,,,
1992_05_1,verse,4/4,No,16,Yes,1,7,,,,,,,,
1992_05_2,chorus,4/4,No,8,No,5,7,,,,,,,,
1992_05_3,verse,4/4,No,8,Yes,1,7,,,,,,,,
1992_05_4,prechorus,4/4,No,8,No,2,7,,,,,,,,
1992_05_5,bridge,4/4,No,8,Yes,1,1,,,,,,,,
1993_01_1,intro,4/4,No,9,No,2,5,,,,,,,,
1993_01_2,chorus,4/4,No,15,Yes,1,6,,,,,,,,
1993_01_3,verse,4/4,No,10,Yes,3,5,,,,,,,,
1993_01_4,verse,4/4,No,8,Yes,3,5,,,,,,,,
1993_03_1,chorus,4/4,No,8,No,1,1,Genius says _1 is the verse and _2 is the chorus,,,,,,,
1993_03_2,verse,4/4,No,5,No,7,5,,,,,,,,
1993_04_1,chorus,4/4,No,5,Yes,5,3,,,,,,,,
1993_04_2,verse,4/4,No,8,No,5,3,,,,,,,,
1993_04_3,prechorus,4/4,No,4,No,7,3,,,,,,,,
1993_05_1,chorus,4/4,No,8,Yes,5,7,,,,,,,,
1993_05_2,bridge,4/4,No,6,Yes,4,1,,,,,,,,
1994_01_1,verse,4/4,No,6,No,3,3,,,,,,,,
1994_01_2,chorus,4/4,No,10,Yes,3,1,,,,,,,,
1994_01_3,outro,4/4,No,6,No,3,3,,,,,,,,
1994_02_1,verse,4/4,No,14,Yes,6,2,,,,,,,,
1994_02_2,chorus,4/4,No,8,Yes,1,6,,,,,,,,
1994_02_3,postchorus,4/4,No,7,Yes,4,6,,,,,,,,
1994_03_1,verse,6/8,No,8,Yes,1,6,,,,,,,,
1994_03_2,verse,6/8,No,8,Yes,1,1,,,,,,,,
1994_03_3,chorus,6/8,No,9,Yes,2,3,,,,,,,,
1994_03_4,bridge,6/8,No,10,Yes,5,5,,,,,,,,
1994_04_1,verse,4/4,No,15,Yes,5,2,,,,,,,,
1994_04_2,chorus,4/4,No,7,Yes,4,2,,,,,,,,
1994_04_3,bridge,4/4,No,9,No,1,2,,,,,,,,
1994_05_1,verse,4/4,No,8,Yes,2,2,,,,,,,,
1994_05_2,chorus,4/4,No,9,No,5,1,,,,,,,,
1994_05_3,bridge,4/4,No,8,No,6,3,,,,,,,,
1995_01_1,chorus,4/4,No,8,No,3,1,,,,,,,,
1995_01_2,outro,4/4,No,4,Yes,3,3,,,,,,,,
1995_02_1,verse,4/4,No,8,No,1,4,,,,,,,,
1995_02_2,verse,4/4,No,8,No,3,1,,,,,,,,
1995_02_3,chorus,4/4,No,7,No,1,1,,,,,,,,
1995_03_1,verse,4/4,No,16,No,3,7,,,,,,,,
1995_03_2,chorus,4/4,No,9,Yes,3,3,,,,,,,,
1995_04_1,intro,3/4,No,8,Yes,3,1,,,,,,,,
1995_04_2,verse,3/4,No,22,No,N/A,N/A,,,,,,,,
1995_04_3,chorus,3/4,No,15,Yes,1,1,,,,,,,,
1995_04_4,bridge,3/4,No,16,No,1,7,,,,,,,,
1995_05_1,verse,4/4,No,8,No,1,5,,,,,,,,
1995_05_2,chorus,4/4,Yes,13,Yes,3,4,,,,,,,,
1995_05_3,verse,4/4,No,10,No,5,1,,,,,,,,
1995_05_4,bridge,4/4,No,8,Yes,2,N/A,,,,,,,,
1996_01_1,verse,4/4,No,8,No,3,1,,,,,,,,
1996_01_2,chorus,4/4,No,8,No,1,1,,,,,,,,
1996_02_1,verse,4/4,No,8,No,7,1,,,,,,,,
1996_02_2,chorus,4/4,No,9,Yes,2,1,,,,,,,,
1996_02_3,bridge,4/4,No,8,No,6,2,,,,,,,,
1996_03_1,verse,4/4,No,11,Yes,1,5,,,,,,,,
1996_03_2,chorus,4/4,No,8,Yes,1,1,,,,,,,,
1996_03_3,bridge,4/4,No,8,No,3,4,,,,,,,,
1996_04_1,verse,4/4,No,7,No,3,1,,,,,,,,
1996_04_2,prechorus,4/4,No,8,Yes,5,5,,,,,,,,
1996_04_3,chorus,4/4,No,7,No,1,1,,,,,,,,
1996_04_4,bridge,4/4,No,7,No,4,3,,,,,,,,
1996_05_1,postchorus,4/4,No,4,No,1,1,,,,,,,,
1996_05_2,verse,4/4,No,9,No,1,3,,,,,,,,
1996_05_3,chorus,4/4,No,9,No,2,1,,,,,,,,
1996_05_4,bridge,4/4,No,8,No,6,N/A,,,,,,,,
1997_01a_1,verse,4/4,No,7,Yes,3,2,,,,,,,,
1997_01a_2,chorus,4/4,No,13,Yes,1,2,,,,,,,,
1997_01b_1,verse,4/4,No,8,No,3,6,,,,,,,,
1997_01b_2,chorus,4/4,Yes,9,Yes,5,5,,,,,,,,
1997_02a_1,verse,4/4,No,16,No,1,4,,,,,,,,
1997_02a_2,prechorus,4/4,No,4,Yes,3,2,,,,,,,,
1997_02a_3,chorus,4/4,No,9,No,3,5,,,,,,,,
1997_02b_1,verse,12/8,No,16,No,5,3,,,,,,,,
1997_02b_2,chorus,12/8,No,11,No,5,1,,,,,,,,
1997_02b_3,bridge,12/8,No,8,Yes,3,3,,,,,,,,
1997_03_1,chorus,4/4,No,16,Yes,1,1,,,,,,,,
1997_03_2,bridge,4/4,No,8,Yes,3,1,,,,,,,,
1997_04_1,verse,4/4,No,14,Yes,1,7,,,,,,,,
1997_04_2,chorus,4/4,No,16,No,N/A,4,,,,,,,,
1997_04_3,bridge,4/4,No,6,Yes,5,4,,,,,,,,
1998_01_1,chorus,4/4,No,8,No,3,2,,,,,,,,
1998_01_2,verse,4/4,No,8,No,1,5,,,,,,,,
1998_01_3,prechorus,4/4,No,8,No,6,5,,,,,,,,
1998_01_4,verse,4/4,No,8,No,3,5,,,,,,,,
1998_01_5,bridge,4/4,No,8,Yes,5,2,,,,,,,,
1998_02_1,chorus,4/4,No,8,Yes,4,6,,,,,,,,
1998_02_2,verse,4/4,No,5,No,3,5,,,,,,,,
1998_03_1,verse,4/4,No,10,No,2,5,,,,,,,,
1998_03_2,chorus,4/4,No,8,No,1,7,,,,,,,,
1998_04_1,verse,4/4,No,8,No,1,1,,,,,,,,
1998_04_2,prechorus,4/4,No,4,No,5,5,,,,,,,,
1998_04_3,chorus,4/4,No,8,Yes,1,2,,,,,,,,
1998_04_4,bridge,4/4,No,6,Yes,2,1,,,,,,,,
1998_05_1,verse,4/4,No,7,Yes,6,1,,,,,,,,
1998_05_2,prechorus,4/4,No,5,Yes,2,N/A,,,,,,,,
1998_05_3,chorus,4/4,Yes,9,No,3,1,,,,,,,,
1999_01_1,verse,4/4,No,15,Yes,3,5,,,,,,,,
1999_01_2,chorus,4/4,No,15,Yes,2,1,,,,,,,,
1999_01_3,bridge,4/4,No,14,Yes,3,2,,,,,,,,
1999_02_1,verse,4/4,No,4,Yes,7,7,,,,,,,,
1999_02_2,prechorus,4/4,No,4,No,3,5,,,,,,,,
1999_02_3,chorus,4/4,No,9,No,3,5,,,,,,,,
1999_02_4,bridge,4/4,No,9,Yes,5,1,,,,,,,,
1999_02_5,bridge,4/4,No,8,No,4,7,,,,,,,,
1999_03_1,verse,4/4,No,8,No,1,6,,,,,,,,
1999_03_2,prechorus,4/4,No,4,No,1,1,,,,,,,,
1999_03_3,chorus,4/4,No,8,Yes,5,6,,,,,,,,
1999_03_4,bridge,4/4,No,9,No,1,1,,,,,,,,
1999_04_1,verse,4/4,No,8,Yes,1,3,,,,,,,,
1999_04_2,prechorus,4/4,No,4,No,2,5,,,,,,,,
1999_04_3,chorus,4/4,No,8,No,3,1,,,,,,,,
1999_05_1,verse,4/4,No,8,No,1,1,,,,,,,,
1999_05_2,prechorus,4/4,No,4,No,3,3,,,,,,,,
1999_05_3,chorus,4/4,No,8,No,1,5,,,,,,,,
1999_05_4,bridge,4/4,No,16,No,1,5,,,,,,,,
2000_01_1,verse,4/4,No,15,No,4,3,,,,,,,,
2000_01_2,chorus,4/4,No,22,No,1,1,,,,,,,,
2000_02_1,verse,4/4,No,16,Yes,5,1,,,,,,,,
2000_02_2,prechorus,4/4,No,9,No,3,5,,,,,,,,
2000_02_3,chorus,4/4,No,8,Yes,3,1,,,,,,,,
2000_03_1,chorus,4/4,No,15,Yes,4,1,,,,,,,,
2000_03_2,verse,4/4,No,9,Yes,5,5,,,,,,,,
2000_03_3,bridge,4/4,No,8,No,3,1,,,,,,,,
2000_04_1,verse,4/4,No,8,No,2,1,,,,,,,,
2000_04_2,chorus,4/4,No,8,Yes,5,1,,,,,,,,
2000_04_3,bridge,4/4,No,8,Yes,5,2,,,,,,,,
2000_04_4,verse,4/4,No,8,No,1,1,,,,,,,,
2000_04_5,bridge,4/4,No,8,Yes,1,3,,,,,,,,
2000_05_1,verse,4/4,No,8,No,4,1,,,,,,,,
2000_05_2,chorus,4/4,No,9,Yes,5,1,,,,,,,,
2000_05_3,bridge,4/4,Yes,9,Yes,7,6,,,,,,,,
2001_01_1,verse,4/4,No,8,Yes,5,1,,,,,,,,
2001_01_2,chorus,4/4,No,8,Yes,2,1,,,,,,,,
2001_01_3,bridge,4/4,No,17,Yes,1,1,,,,,,,,
2001_02_1,verse,12/8,No,10,Yes,4,1,,,,,,,,
2001_02_2,chorus,12/8,No,4,Yes,2,3,,,,,,,,
2001_02_3,verse,12/8,No,8,Yes,1,3,,,,,,,,
2001_02_4,bridge,12/8,No,8,Yes,5,1,,,,,,,,
2001_03_1,intro,4/4,No,8,Yes,3,3,,,,,,,,
2001_03_2,chorus,4/4,No,9,Yes,1,1,,,,,,,,
2001_03_3,verse,4/4,No,8,No,2,1,,,,,,,,
2001_03_4,prechorus,4/4,No,8,No,3,6,,,,,,,,
2001_04_1,verse,4/4,No,12,Yes,3,6,,,,,,,,
2001_04_2,chorus,4/4,No,9,Yes,5,1,,,,,,,,
2001_04_3,bridge,4/4,No,8,Yes,2,1,,,,,,,,
2001_04_4,outro,4/4,No,3,No,2,1,,,,,,,,
2001_05_1,intro,4/4,No,7,No,5,4,,,,,,,,
2001_05_2,verse,4/4,No,8,No,2,5,,,,,,,,
2001_05_3,prechorus,4/4,No,4,Yes,1,1,,,,,,,,
2001_05_4,chorus,4/4,No,8,Yes,3,3,,,,,,,,
2001_05_5,verse,4/4,No,12,Yes,4,3,,,,,,,,
2001_05_6,verse,4/4,No,8,Yes,4,1,,,,,,,,
2002_01_1,verse,4/4,No,4,No,2,5,,,,,,,,
2002_01_2,prechorus,4/4,No,6,No,5,1,,,,,,,,
2002_01_3,chorus,4/4,No,9,No,5,1,,,,,,,,
2002_01_4,postchorus,4/4,No,4,No,3,5,,,,,,,,
2002_02_1,chorus,4/4,No,8,No,3,1,,,,,,,,
2002_02_2,verse,4/4,No,9,No,6,1,,,,,,,,
2002_02_3,verse,4/4,No,9,No,1,1,,,,,,,,
2002_02_4,verse,4/4,No,9,No,1,1,,,,,,,,
2002_02_5,outro,4/4,No,8,No,1,1,,,,,,,,
2002_03_1,verse,4/4,No,16,No,7,1,,,,,,,,
2002_03_2,chorus,4/4,No,8,No,7,2,,,,,,,,
2002_03_3,postchorus,4/4,No,8,No,7,1,,,,,,,,
2002_03_4,verse,4/4,No,8,No,7,7,,,,,,,,
2002_04_1,chorus,4/4,No,8,Yes,5,3,,,,,,,,
2002_04_2,verse,4/4,No,12,No,3,1,,,,,,,,
2002_04_3,bridge,4/4,No,8,No,7,7,,,,,,,,
2002_04_4,break,4/4,No,4,No,3,7,,,,,,,,
2002_05_1,chorus,4/4,No,9,No,5,1,,,,,,,,
2002_05_2,prechorus,4/4,No,8,No,3,1,,,,,,,,
2002_05_3,bridge,4/4,No,6,No,2,5,,,,,,,,
2003_01_1,chorus,4/4,No,8,Yes,5,5,,,,,,,,
2003_01_2,postchorus,4/4,No,5,No,5,1,,,,,,,,
2003_02_1,verse,4/4,No,8,Yes,1,1,,,,,,,,
2003_02_2,chorus,4/4,No,4,Yes,2,1,,,,,,,,
2003_02_3,bridge,4/4,No,8,Yes,3,1,,,,,,,,
2003_03_1,chorus,4/4,No,8,Yes,3,1,,,,,,,,
2003_03_2,verse,4/4,No,10,Yes,5,1,,,,,,,,
2003_03_3,postchorus,4/4,No,8,No,1,1,,,,,,,,
2003_04_1,hook,4/4,No,4,No,1,5,,,,,,,,
2003_04_2,verse,4/4,No,8,No,1,1,,,,,,,,
2003_04_3,chorus,4/4,No,8,No,3,3,,,,,,,,
2003_04_4,bridge,4/4,No,10,No,1,7,,,,,,,,
2003_05_1,verse,4/4,No,11,Yes,1,7,,,,,,,,
2003_05_2,chorus,4/4,No,11,Yes,3,7,,,,,,,,
2003_05_3,verse,4/4,No,8,Yes,1,4,,,,,,,,
2004_01_1,hook,4/4,No,4,No,1,1,,,,,,,,
2004_01_2,verse,4/4,No,16,Yes,1,1,,,,,,,,
2004_01_3,chorus,4/4,No,7,Yes,1,1,,,,,,,,
2004_01_4,verse,4/4,No,16,Yes,1,1,,,,,,,,
2004_02_1,verse,4/4,No,17,Yes,3,1,,,,,,,,
2004_02_2,chorus,4/4,No,16,No,1,2,,,,,,,,
2004_02_3,verse,4/4,No,17,Yes,3,5,,,,,,,,
2004_02_4,bridge,4/4,No,17,No,3,5,,,,,,,,
2004_03_1,verse,9/8,No,14,Yes,5,2,,,,,,,,
2004_03_2,prechorus,9/8,No,15,No,3,5,,,,,,,,
2004_03_3,chorus,9/8,No,16,No,3,3,,,,,,,,
2004_04_1,verse,4/4,No,8,No,N/A,N/A,,,,,,,,
2004_04_2,chorus,4/4,No,9,No,5,N/A,,,,,,,,
2004_04_3,postchorus,4/4,No,4,No,N/A,2,,,,,,,,
2004_04_4,bridge,4/4,No,8,No,5,4,,,,,,,,
2004_05_1,chorus,4/4,No,16,No,1,7,,,,,,,,
2004_05_2,verse,4/4,No,16,Yes,3,2,,,,,,,,
2005_01_1,verse,4/4,No,8,No,1,1,,,,,,,,
2005_01_2,prechorus,4/4,No,4,No,5,3,,,,,,,,
2005_01_3,chorus,4/4,No,8,Yes,3,1,,,,,,,,
2005_01_4,verse,4/4,No,8,Yes,6,1,,,,,,,,
2005_01_5,prechorus,4/4,No,4,Yes,2,2,,,,,,,,
2005_02_1,verse,4/4,No,8,Yes,7,1,,,,,,,,
2005_03_1,verse,4/4,No,8,No,3,1,,,,,,,,
2005_03_2,prechorus,4/4,No,8,No,5,3,,,,,,,,
2005_03_3,chorus,4/4,No,12,Yes,1,1,,,,,,,,
2005_03_4,bridge,4/4,No,8,No,3,5,,,,,,,,
2005_04_1,verse,4/4,No,7,No,5,3,,,,,,,,
2005_04_2,prechorus,4/4,No,6,Yes,1,3,,,,,,,,
2005_04_3,chorus,4/4,No,11,Yes,3,1,,,,,,,,
2005_04_4,bridge,4/4,No,9,No,5,1,,,,,,,,
2005_05_1,verse,4/4,No,8,No,3,5,,,,,,,,
2005_05_2,chorus,4/4,No,9,No,5,5,,,,,,,,
2005_05_3,bridge,4/4,No,16,No,5,1,,,,,,,,
2006_01_1,verse,12/8,No,8,No,5,2,,,,,,,,
2006_01_2,chorus,12/8,No,8,Yes,1,1,,,,,,,,
2006_01_3,verse,12/8,No,4,No,7,2,,,,,,,,
2006_01_4,bridge,12/8,No,5,No,1,7,,,,,,,,
2006_02_1,chorus,4/4,No,8,Yes,1,1,,,,,,,,
2006_02_2,verse,4/4,No,8,No,1,3,,,,,,,,
2006_03_1,chorus,4/4,No,16,No,7,3,,,,,,,,
2006_04_1,verse,4/4,No,8,No,3,5,,,,,,,,
2006_04_2,chorus,4/4,Yes,11,No,1,1,,,,,,,,
2006_04_3,postchorus,4/4,No,8,Yes,5,1,,,,,,,,
2006_05_1,prechorus,4/4,No,8,Yes,5,1,,,,,,,,
2006_05_2,chorus,4/4,No,4,No,1,1,,,,,,,,
2006_05_3,verse,4/4,No,8,No,5,1,,,,,,,,
2006_05_4,bridge,4/4,No,4,No,1,1,,,,,,,,
2007_01_1,verse,4/4,No,8,No,4,6,,,,,,,,
2007_01_2,prechorus,4/4,No,5,No,6,5,,,,,,,,
2007_01_3,chorus,4/4,No,10,No,1,6,,,,,,,,
2007_01_4,verse,4/4,No,8,No,5,2,,,,,,,,
2007_01_5,bridge,4/4,No,9,No,6,1,,,,,,,,
2007_02_1,verse,4/4,No,8,Yes,2,6,,,,,,,,
2007_02_2,chorus,4/4,No,16,Yes,5,1,,,,,,,,
2007_02_3,bridge,4/4,No,8,No,1,3,,,,,,,,
2007_02_4,outro,4/4,No,8,Yes,5,3,,,,,,,,
2007_03_1,verse,12/8,No,4,Yes,5,3,,,,,,,,
2007_03_2,prechorus,12/8,No,4,Yes,5,4,,,,,,,,
2007_03_3,chorus,12/8,No,16,Yes,3,2,,,,,,,,
2007_03_4,verse,12/8,No,16,Yes,5,4,,,,,,,,
2007_04_1,verse,4/4,No,17,No,3,3,,,,,,,,
2007_04_2,chorus,4/4,No,17,No,3,1,,,,,,,,
2007_04_3,verse,4/4,No,16,No,1,3,,,,,,,,
2007_04_4,bridge,4/4,No,10,No,2,2,,,,,,,,
2007_05_1,verse,4/4,No,8,Yes,3,4,,,,,,,,
2007_05_2,chorus,4/4,No,8,Yes,3,4,,,,,,,,
2007_05_3,bridge,4/4,No,8,Yes,1,4,,,,,,,,
2008_01_1,chorus,4/4,No,16,Yes,1,1,,,,,,,,
2008_01_2,verse,4/4,No,16,Yes,5,5,,,,,,,,
2008_01_3,verse,4/4,No,15,Yes,5,5,,,,,,,,
2008_01_4,verse,4/4,No,16,Yes,5,5,,,,,,,,
2008_02_1,verse,4/4,No,15,No,1,3,,,,,,,,
2008_02_2,prechorus,4/4,No,8,No,5,1,,,,,,,,
2008_02_3,chorus,4/4,No,8,No,5,1,,,,,,,,
2008_02_4,bridge,4/4,No,8,No,2,3,,,,,,,,
2008_03_1,verse,4/4,No,8,No,3,2,,,,,,,,
2008_03_2,prechorus,4/4,No,9,No,5,1,,,,,,,,
2008_03_3,chorus,4/4,No,13,No,3,1,,,,,,,,
2008_03_4,verse,4/4,No,8,Yes,5,3,,,,,,,,
2008_03_5,bridge,4/4,No,9,Yes,3,1,,,,,,,,
2008_03_6,outro,4/4,No,8,Yes,2,3,,,,,,,,
2008_04_1,chorus,4/4,No,8,No,1,7,,,,,,,,
2008_04_2,postchorus,4/4,No,16,Yes,1,1,,,,,,,,
2008_04_3,verse,4/4,No,16,Yes,3,7,,,,,,,,
2008_04_4,verse,4/4,No,8,Yes,5,5,,,,,,,,
2008_04_5,verse,4/4,No,15,Yes,3,3,,,,,,,,
2008_04_6,verse,4/4,No,16,Yes,2,1,,,,,,,,
2008_05_1,verse,4/4,No,16,Yes,1,4,,,,,,,,
2008_05_2,chorus,4/4,No,8,Yes,7,7,,,,,,,,
2009_01_1,chorus,4/4,No,8,No,1,4,,,,,,,,
2009_01_2,verse,4/4,No,8,Yes,7,4,,,,,,,,
2009_01_3,prechorus,4/4,No,9,Yes,7,4,,,,,,,,
2009_01_4,bridge,4/4,No,7,Yes,4,1,,,,,,,,
2009_02_1,verse,4/4,No,8,No,3,3,,,,,,,,
2009_02_2,prechorus,4/4,No,8,No,1,3,,,,,,,,
2009_02_3,chorus,4/4,No,12,No,3,3,,,,,,,,
2009_03_1,verse,4/4,No,8,No,1,7,,,,,,,,
2009_03_2,prechorus,4/4,No,8,No,7,5,,,,,,,,
2009_03_3,chorus,4/4,No,9,Yes,3,1,,,,,,,,
2009_03_4,verse,4/4,No,16,No,3,3,,,,,,,,
2009_03_5,bridge,4/4,No,8,No,5,1,,,,,,,,
2009_04_1,chorus,4/4,No,16,Yes,3,4,,,,,,,,
2009_04_2,verse,4/4,No,8,No,6,1,,,,,,,,
2009_04_3,prechorus,4/4,No,8,Yes,3,4,,,,,,,,
2009_04_4,bridge,4/4,No,8,No,1,2,,,,,,,,
2009_05_1,verse,4/4,No,7,No,7,6,,,,,,,,
2009_05_2,prechorus,4/4,No,8,Yes,7,1,,,,,,,,
2009_05_3,chorus,4/4,No,8,No,1,1,,,,,,,,
2009_05_4,bridge,4/4,No,8,Yes,7,1,,,,,,,,
2010_01_1,chorus,4/4,No,14,Yes,1,6,,,,,,,,
2010_01_2,bridge,4/4,No,16,No,2,6,,,,,,,,
2010_02_1,verse,4/4,No,14,No,5,1,,,,,,,,
2010_02_2,chorus,4/4,No,12,Yes,2,5,,,,,,,,
2010_03_1,verse,4/4,No,7,Yes,3,6,,,,,,,,
2010_03_2,chorus,4/4,No,9,No,5,1,,,,,,,,
2010_03_3,bridge,4/4,No,8,No,1,1,,,,,,,,
2010_04_1,verse,4/4,No,7,No,3,6,,,,,,,,
2010_04_2,prechorus,4/4,No,8,No,5,3,,,,,,,,
2010_04_3,chorus,4/4,No,16,No,1,3,,,,,,,,
2010_05_1,chorus,4/4,No,16,Yes,5,7,,,,,,,,
2010_05_2,verse,4/4,No,16,Yes,1,7,,,,,,,,
2010_05_3,prechorus,4/4,No,8,No,5,4,,,,,,,,
2011_01_1,verse,4/4,No,8,No,5,1,,,,,,,,
2011_01_2,prechorus,4/4,No,8,No,1,3,,,,,,,,
2011_01_3,chorus,4/4,No,8,Yes,7,3,,,,,,,,
2011_01_4,bridge,4/4,No,7,No,3,1,,,,,,,,
2011_02_1,chorus,4/4,No,15,No,5,4,,,,,,,,
2011_02_2,bridge,4/4,No,16,No,7,1,,,,,,,,
2011_03_1,verse,4/4,No,15,No,3,1,,,,,,,,
2011_03_2,prechorus,4/4,No,8,Yes,3,6,,,,,,,,
2011_03_3,chorus,4/4,No,16,Yes,2,1,,,,,,,,
2011_03_4,bridge,4/4,No,7,No,1,7,,,,,,,,
2011_04_1,verse,4/4,No,8,No,3,1,,,,,,,,
2011_04_2,prechorus,4/4,No,4,Yes,5,5,,,,,,,,
2011_04_3,chorus,4/4,No,9,No,3,1,,,,,,,,
2011_04_4,verse,4/4,No,3,No,1,1,,,,,,,,
2011_05_1,chorus,4/4,No,8,Yes,1,1,,,,,,,,
2011_05_2,hook,4/4,No,7,No,1,3,,,,,,,,
2011_05_3,chorus,4/4,No,10,No,6,1,,,,,,,,
2011_05_4,prechorus,4/4,No,9,Yes,1,1,,,,,,,,
2012_01_1,verse,4/4,No,15,No,5,1,,,,,,,,
2012_01_2,chorus,4/4,No,24,No,7,3,,,,,,,,
2012_01_3,verse,4/4,No,17,No,5,5,,,,,,,,
2012_02_1,verse,4/4,No,8,No,3,3,,,,,,,,
2012_02_2,prechorus,4/4,No,4,No,5,3,,,,,,,,
2012_02_3,chorus,4/4,No,16,No,1,1,,,,,,,,
2012_02_4,bridge,4/4,No,9,No,3,1,,,,,,,,
2012_03_1,verse,4/4,No,19,No,5,5,,,,,,,,
2012_03_2,chorus,4/4,No,16,Yes,1,7,,,,,,,,
2012_03_3,verse,4/4,No,8,Yes,5,2,,,,,,,,
2012_03_4,bridge,4/4,No,16,No,1,2,,,,,,,,
2012_04_1,chorus,4/4,No,8,Yes,2,2,,,,,,,,
2012_04_2,verse,4/4,No,8,No,1,3,,,,,,,,
2012_04_3,prechorus,4/4,No,8,Yes,3,2,,,,,,,,
2012_04_4,postchorus,4/4,No,9,Yes,2,1,,,,,,,,
2012_05_1,verse,4/4,No,16,Yes,1,5,,,,,,,,
2012_05_2,chorus,4/4,No,16,Yes,4,4,,,,,,,,
2013_01_1,chorus,4/4,No,4,No,5,1,,,,,,,,
2013_01_2,bridge,4/4,No,8,No,5,1,,,,,,,,
2013_02_1,verse,4/4,No,8,No,3,1,,,,,,,,
2013_02_2,prechorus,4/4,No,8,No,3,5,,,,,,,,
2013_02_3,chorus,4/4,No,16,Yes,1,4,,,,,,,,
2013_03_1,verse,4/4,No,8,No,1,1,,,,,,,,
2013_03_2,chorus,4/4,No,8,Yes,1,5,,,,,,,,
2013_03_3,bridge,4/4,No,4,No,3,1,,,,,,,,
2013_04_1,N/A,4/4,No,8,No,5,5,,,,,,,,
2013_04_2,N/A,4/4,No,8,No,N/A,4,,,,,,,,
2013_04_3,N/A,4/4,No,7,Yes,1,6,,,,,,,,
2013_04_4,N/A,4/4,No,8,No,5,5,,,,,,,,
2013_04_5,N/A,4/4,No,16,No,5,5,,,,,,,,
2013_05_1,chorus,4/4,No,16,Yes,5,5,,,,,,,,
2013_05_2,bridge,4/4,No,16,No,1,2,,,,,,,,
2014_01_1,verse,4/4,No,15,No,5,1,,,,,,,,
2014_01_2,chorus,4/4,No,16,Yes,1,1,,,,,,,,
2014_01_3,bridge,4/4,No,8,No,7,5,,,,,,,,
2014_02_1,verse,4/4,No,17,Yes,5,3,,,,,,,,
2014_02_2,prechorus,4/4,No,9,No,3,1,,,,,,,,
2014_02_3,chorus,4/4,No,6,No,5,1,,,,,,,,
2014_03_1,verse,4/4,No,17,No,4,6,,,,,,,,
2014_03_2,prechorus,4/4,No,8,No,3,4,,,,,,,,
2014_03_3,chorus,4/4,No,16,Yes,5,2,,,,,,,,
2014_03_4,postchorus,4/4,No,8,Yes,1,2,,,,,,,,
2014_03_5,bridge,4/4,No,8,Yes,6,5,,,,,,,,
2014_04_1,chorus,4/4,No,8,No,7,1,,,,,,,,
2014_04_2,bridge,4/4,No,8,No,5,5,,,,,,,,
2014_05_1,chorus,4/4,No,10,No,4,1,,,,,,,,
2014_05_2,verse,4/4,No,8,Yes,5,4,,,,,,,,
2014_05_3,prechorus,4/4,No,12,No,1,1,,,,,,,,
2014_05_4,bridge,4/4,No,8,No,3,1,,,,,,,,
2015_01_1,verse,4/4,No,7,No,3,7,,,,,,,,
2015_01_2,hook,4/4,No,8,Yes,3,5,,,,,,,,
2015_01_3,prechorus,4/4,No,8,No,7,3,,,,,,,,
2015_01_4,postchorus,4/4,No,9,No,4,1,,,,,,,,
2015_01_5,verse,4/4,No,8,No,3,7,,,,,,,,
2015_02_1,verse,4/4,No,8,No,3,1,,,,,,,,
2015_02_2,prechorus,4/4,No,16,Yes,5,2,,,,,,,,
2015_02_3,chorus,4/4,No,10,Yes,1,1,,,,,,,,
2015_03_1,chorus,4/4,No,9,Yes,6,1,,,,,,,,
2015_03_2,hook,4/4,No,3,Yes,1,1,,,,,,,,
2015_03_3,postchorus,4/4,No,4,Yes,6,1,,,,,,,,
2015_03_4,bridge,4/4,No,8,Yes,6,6,,,,,,,,
2015_04_1,hook,4/4,No,25,Yes,5,3,"Genius calls _1 a refrain, _2 the chorus, and _3 a verse. Don't completely agree",,,,,,,
2015_04_2,chorus,4/4,No,17,No,4,5,,,,,,,,
2015_04_3,verse,4/4,No,9,No,3,3,,,,,,,,
2015_05_1,verse,4/4,No,8,No,N/A,6,,,,,,,,
2015_05_2,prechorus,4/4,No,8,No,6,1,,,,,,,,
2015_05_3,chorus,4/4,No,16,Yes,6,1,,,,,,,,
2015_05_4,bridge,4/4,No,12,No,5,1,,,,,,,,
2016_01_1,verse,4/4,No,8,Yes,3,2,,,,,,,,
2016_01_2,hook,4/4,No,8,Yes,3,3,,,,,,,,
2016_01_3,prechorus,4/4,No,8,Yes,3,2,,,,,,,,
2016_01_4,chorus,4/4,No,7,Yes,3,1,,,,,,,,
2016_01_5,break,4/4,No,8,Yes,3,1,,,,,,,,
2016_02_1,verse,4/4,No,8,No,5,2,,,,,,,,
2016_02_2,prechorus,4/4,No,8,No,6,6,,,,,,,,
2016_02_3,chorus,4/4,No,8,No,2,6,,,,,,,,
2016_03_1,verse,4/4,No,8,No,7,3,,,,,,,,
2016_03_2,chorus,4/4,No,8,No,1,3,,,,,,,,
2016_03_3,verse,4/4,No,8,No,5,3,,,,,,,,
2016_03_4,break,4/4,No,8,No,4,4,,,,,,,,
2016_04_1,chorus,4/4,No,6,No,3,5,,,,,,,,
2016_04_2,verse,4/4,No,16,No,5,5,,,,,,,,
2016_04_3,verse,4/4,No,11,Yes,5,3,,,,,,,,
2016_04_4,verse,4/4,No,20,No,6,1,,,,,,,,
2016_05_1,hook,4/4,No,4,Yes,1,5,,,,,,,,
2016_05_2,chorus,4/4,No,8,No,5,4,,,,,,,,
2016_05_3,bridge,4/4,No,8,Yes,3,2,,,,,,,,
2017_01_1,verse,4/4,No,8,Yes,3,1,,,,,,,,
2017_01_2,prechorus,4/4,No,8,Yes,1,1,,,,,,,,
2017_01_3,chorus,4/4,No,8,No,3,1,,,,,,,,
2017_01_4,postchorus,4/4,No,8,No,1,1,,,,,,,,
2017_01_5,bridge,4/4,No,8,No,5,1,,,,,,,,
2017_02_1,intro,4/4,No,12,No,1,3,,,,,,,,
2017_02_2,verse,4/4,No,8,No,1,2,,,,,,,,
2017_02_3,chorus,4/4,No,8,Yes,1,2,,,,,,,,
2017_02_4,postchorus,4/4,No,8,No,5,4,,,,,,,,
2017_02_5,verse,4/4,No,8,Yes,3,3,,,,,,,,
2017_02_6,prechorus,4/4,No,8,Yes,1,1,,,,,,,,
2017_03_1,verse,4/4,No,12,Yes,5,1,,,,,,,,
2017_03_2,prechorus,4/4,No,8,No,7,7,,,,,,,,
2017_03_3,chorus,4/4,No,12,No,7,4,,,,,,,,
2017_03_4,verse,4/4,No,14,No,5,1,,,,,,,,
2017_03_5,bridge,4/4,No,15,Yes,7,3,,,,,,,,
2017_05_1,verse,4/4,No,8,Yes,4,1,,,,,,,,
2017_05_2,prechorus,4/4,No,8,Yes,5,3,,,,,,,,
2017_05_3,chorus,4/4,No,8,No,1,3,,,,,,,,
2017_05_4,chorus,4/4,No,6,No,6,1,,,,,,,,
2017_05_5,bridge,4/4,No,9,Yes,7,1,,,,,,,,
2018_01_1,verse,4/4,No,8,No,5,1,,,,,,,,
2018_01_2,chorus,4/4,No,7,No,3,3,,,,,,,,
2018_01_3,postchorus,4/4,No,7,No,6,1,,,,,,,,
2018_01_4,verse,4/4,No,8,No,6,2,,,,,,,,
2018_02_1,verse,6/8,No,15,Yes,1,2,,,,,,,,
2018_02_2,prechorus,6/8,No,16,Yes,5,2,,,,,,,,
2018_02_3,chorus,6/8,No,17,No,3,1,,,,,,,,
2018_02_4,verse,6/8,No,16,No,3,2,,,,,,,,
2018_03_1,verse,4/4,No,8,Yes,1,1,,,,,,,,
2018_03_2,chorus,4/4,No,8,Yes,3,1,,,,,,,,
2018_03_3,verse,4/4,No,8,Yes,1,5,,,,,,,,
2018_04_1,chorus,4/4,No,9,Yes,5,1,,,,,,,,
2018_04_2,verse,4/4,No,8,No,1,1,,,,,,,,
2018_04_3,prechorus,4/4,No,8,No,7,1,,,,,,,,
2018_04_4,verse,4/4,No,16,No,2,4,,,,,,,,
2018_05_1,chorus,4/4,No,9,No,3,1,,,,,,,,
2018_05_2,postchorus,4/4,No,8,No,5,4,,,,,,,,
2018_05_3,verse,4/4,No,5,No,5,1,,,,,,,,
2019_01_1,chorus,4/4,No,8,Yes,5,1,,,,,,,,
2019_01_2,verse,4/4,No,8,Yes,4,1,,,,,,,,
2019_01_3,hook,4/4,No,8,No,5,1,,,,,,,,
2019_01_4,verse,4/4,No,16,No,7,1,,,,,,,,
2019_02_1,verse,4/4,No,12,No,1,2,,,,,,,,
2019_02_2,prechorus,4/4,No,4,No,6,1,,,,,,,,
2019_02_3,chorus,4/4,No,8,No,5,1,,,,,,,,
2019_02_4,verse,4/4,No,10,No,1,1,,,,,,,,
2019_02_5,prechorus,4/4,No,5,No,1,1,,,,,,,,
2019_03_1,verse,4/4,No,8,No,5,5,,,,,,,,
2019_03_2,prechorus,4/4,No,8,Yes,2,1,,,,,,,,
2019_03_3,chorus,4/4,No,23,Yes,6,2,,,,,,,,
2019_03_4,bridge,4/4,No,7,No,5,2,,,,,,,,
2019_04_1,verse,4/4,No,16,No,3,N/A,,,,,,,,
2019_04_2,chorus,4/4,No,6,No,7,1,,,,,,,,
2019_05_1,verse,4/4,No,12,Yes,5,4,,,,,,,,
2019_05_2,chorus,4/4,No,8,No,4,4,,,,,,,,
2019_05_3,verse,4/4,No,16,No,5,4,,,,,,,,
2020_01_1,verse,4/4,No,7,Yes,5,1,,,,,,,,
2020_01_2,prechorus,4/4,No,8,No,5,7,,,,,,,,
2020_01_3,chorus,4/4,No,15,No,1,1,,,,,,,,
2020_01_4,bridge,4/4,No,7,Yes,5,2,,,,,,,,
2020_02_1,verse,4/4,No,15,No,7,1,,,,,,,,
2020_02_2,chorus,4/4,No,17,No,3,1,,,,,,,,
2020_02_3,verse,4/4,No,17,No,6,1,,,,,,,,
2020_02_4,bridge,4/4,No,17,No,3,3,,,,,,,,
2020_03_1,chorus,4/4,No,16,Yes,1,5,,,,,,,,
2020_03_2,verse,4/4,No,16,No,3,3,,,,,,,,
2020_03_3,verse,4/4,No,16,No,7,2,,,,,,,,
2020_04_1,verse,4/4,No,13,Yes,5,6,,,,,,,,
2020_04_2,prechorus,4/4,No,7,No,1,3,,,,,,,,
2020_04_3,chorus,4/4,No,8,Yes,2,1,,,,,,,,
2020_05_1,chorus,4/4,No,13,No,7,1,,,,,,,,
2020_05_2,verse,4/4,No,17,No,4,7,,,,,,,,
2021_01_1,verse,4/4,No,8,No,5,1,,,,,,,,
2021_01_2,prechorus,4/4,No,4,No,5,5,,,,,,,,
2021_01_3,chorus,4/4,No,8,Yes,5,7,,,,,,,,
2021_01_4,bridge,4/4,No,8,No,3,5,,,,,,,,
2021_02_1,verse,4/4,No,8,No,1,1,,,,,,,,
2021_02_2,hook,4/4,No,7,No,5,3,,,,,,,,
2021_02_3,prechorus,4/4,No,4,No,5,2,,,,,,,,
2021_02_4,chorus,4/4,No,6,No,3,7,,,,,,,,
2021_04_1,chorus,4/4,No,8,Yes,2,2,,,,,,,,
2021_04_2,verse,4/4,No,8,Yes,2,2,,,,,,,,
2021_04_3,prechorus,4/4,No,4,Yes,2,1,,,,,,,,
2021_04_4,verse,4/4,No,8,Yes,5,3,,,,,,,,
2021_05_1,verse,4/4,No,9,No,3,4,,,,,,,,
2021_05_2,chorus,4/4,No,16,No,7,1,,,,,,,,
2021_05_3,bridge,4/4,No,17,No,1,5,,,,,,,,
2022_01_1,intro,4/4,No,4,No,2,3,,,,,,,,
2022_01_2,chorus,4/4,No,8,No,2,2,,,,,,,,
2022_01_3,verse,4/4,No,8,No,1,6,,,,,,,,
2022_01_4,verse,4/4,No,9,No,5,1,,,,,,,,
2022_01_5,bridge,4/4,No,4,No,3,1,,,,,,,,
2022_02_1,verse,4/4,No,16,No,3,1,,,,,,,,
2022_02_2,chorus,4/4,No,23,No,4,4,,,,,,,,
2022_02_3,bridge,4/4,No,8,No,2,1,,,,,,,,
2022_03_1,chorus,4/4,No,8,No,2,1,,,,,,,,
2022_03_2,verse,4/4,No,8,No,1,3,,,,,,,,
2022_03_3,prechorus,4/4,No,8,No,3,3,,,,,,,,
2022_03_4,verse,4/4,No,16,No,5,7,,,,,,,,
2022_04_1,verse,4/4,No,10,Yes,1,3,,,,,,,,
2022_04_2,chorus,4/4,No,9,Yes,5,3,,,,,,,,
2022_04_3,bridge,4/4,No,5,No,6,5,,,,,,,,
2022_05_1,verse,4/4,No,16,Yes,6,6,,,,,,,,
2022_05_2,prechorus,4/4,No,8,No,1,6,,,,,,,,
2022_05_3,chorus,4/4,No,16,No,3,1,,,,,,,,
2022_05_4,bridge,4/4,No,16,Yes,3,1,,,,,,,,
2023_01_1,chorus,4/4,No,11,Yes,1,1,,,,,,,,
2023_01_2,verse,4/4,No,8,No,1,3,,,,,,,,
2023_02_1,verse,4/4,No,8,Yes,6,3,,,,,,,,
2023_02_2,prechorus,4/4,No,4,Yes,2,2,,,,,,,,
2023_02_3,chorus,4/4,No,15,No,6,3,,,,,,,,
2023_02_4,postchorus,4/4,No,7,No,3,3,,,,,,,,
2023_03_1,verse,4/4,No,3,Yes,4,2,,,,,,,,
2023_03_2,prechorus,4/4,No,5,Yes,2,4,,,,,,,,
2023_03_3,chorus,4/4,No,8,No,2,4,,,,,,,,
2023_03_4,verse,4/4,No,8,No,4,2,,,,,,,,
2023_03_5,bridge,4/4,No,9,No,5,1,,,,,,,,
2023_04_1,verse,4/4,No,8,No,3,2,,,,,,,,
2023_04_2,prechorus,4/4,No,8,Yes,5,5,,,,,,,,
2023_04_3,chorus,4/4,No,8,Yes,3,1,,,,,,,,
2023_04_4,bridge,4/4,No,7,Yes,1,1,,,,,,,,
2023_05_1,verse,4/4,No,8,No,5,2,,,,,,,,
2023_05_2,chorus,4/4,No,9,Yes,3,1,,,,,,,,
2023_05_3,postchorus,4/4,No,4,No,5,5,,,,,,,,
2023_05_4,bridge,4/4,No,9,No,1,5,,,,,,,,
2024_01_1,verse,6/8,No,16,No,1,5,,,,,,,,
2024_01_2,chorus,6/8,No,17,No,5,5,,,,,,,,
2024_01_3,verse,6/8,No,17,No,5,3,,,,,,,,
2024_02_1,verse,4/4,No,8,Yes,5,1,,,,,,,,
2024_02_2,prechorus,4/4,No,4,No,1,5,,,,,,,,
2024_02_3,chorus,4/4,No,8,No,3,1,,,,,,,,
2024_02_4,verse,4/4,No,4,No,3,5,,,,,,,,
2024_03_1,verse,4/4,No,17,Yes,3,3,,,,,,,,
2024_03_2,prechorus,6/8,No,12,No,3,6,,,,,,,,
2024_03_3,chorus,6/8,No,12,No,2,6,,,,,,,,
2024_03_4,verse,6/8,No,16,Yes,3,7,,,,,,,,
2024_04_1,verse,4/4,No,16,No,1,7,,,,,,,,
2024_04_2,chorus,4/4,No,9,Yes,2,3,,,,,,,,
2024_04_3,bridge,4/4,No,8,No,6,5,,,,,,,,
2024_05_1,chorus,4/4,No,4,No,6,3,,,,,,,,
